[
{
  "model": "lookup.lookupvalue",
  "pk": "004df4e9-f404-46fd-8652-a066c7fe0e17",
  "fields": {
    "created_at": "2026-03-21T14:44:03.476Z",
    "updated_at": "2026-03-21T14:44:03.476Z",
    "is_active": true,
    "parent": null,
    "code": "BEER_TYPE",
    "label": "Beer Type",
    "description": "",
    "sort_order": 0,
    "metadata": {}
  }
},
{
  "model": "lookup.lookupvalue",
  "pk": "047593a2-26f7-4a20-8f2b-01007c2c6d6f",
  "fields": {
    "created_at": "2026-03-21T14:44:03.403Z",
    "updated_at": "2026-03-21T14:44:03.403Z",
    "is_active": true,
    "parent": "47ac343d-69f4-4405-8f6b-5067d1f41b35",
    "code": "WHITE",
    "label": "White",
    "description": "",
    "sort_order": 1,
    "metadata": {}
  }
},
{
  "model": "lookup.lookupvalue",
  "pk": "0ad29627-dfd9-49d9-81b6-2149fad1e9e9",
  "fields": {
    "created_at": "2026-03-21T14:44:03.491Z",
    "updated_at": "2026-03-21T14:44:03.491Z",
    "is_active": true,
    "parent": "004df4e9-f404-46fd-8652-a066c7fe0e17",
    "code": "LAGER",
    "label": "Lager",
    "description": "",
    "sort_order": 2,
    "metadata": {}
  }
},
{
  "model": "lookup.lookupvalue",
  "pk": "0d045d98-7a5a-40f2-b363-fe031bb2f084",
  "fields": {
    "created_at": "2026-03-18T19:46:11.776Z",
    "updated_at": "2026-03-18T19:46:11.776Z",
    "is_active": true,
    "parent": null,
    "code": "EMPLOYEE_TYPE",
    "label": "Employee Type",
    "description": "",
    "sort_order": 0,
    "metadata": {}
  }
},
{
  "model": "lookup.lookupvalue",
  "pk": "0f66e101-1c4d-4e6c-a19c-d89841f3bb2e",
  "fields": {
    "created_at": "2026-03-21T14:44:03.533Z",
    "updated_at": "2026-03-21T14:44:03.533Z",
    "is_active": true,
    "parent": "004df4e9-f404-46fd-8652-a066c7fe0e17",
    "code": "SAISON",
    "label": "Saison",
    "description": "",
    "sort_order": 11,
    "metadata": {}
  }
},
{
  "model": "lookup.lookupvalue",
  "pk": "182c7b25-1bc7-4517-8da0-660e5385bd24",
  "fields": {
    "created_at": "2026-03-20T23:34:39.068Z",
    "updated_at": "2026-03-20T23:34:39.068Z",
    "is_active": true,
    "parent": null,
    "code": "PROMOTION_TYPE",
    "label": "Promotion Type",
    "description": "Types of partner promotions",
    "sort_order": 0,
    "metadata": {}
  }
},
{
  "model": "lookup.lookupvalue",
  "pk": "18d4a16e-b07b-4b18-96da-b11d03e67c88",
  "fields": {
    "created_at": "2026-03-20T23:34:39.048Z",
    "updated_at": "2026-03-20T23:34:39.048Z",
    "is_active": true,
    "parent": null,
    "code": "PARTNER_TIER",
    "label": "Partner Tier",
    "description": "Partnership subscription tiers",
    "sort_order": 0,
    "metadata": {}
  }
},
{
  "model": "lookup.lookupvalue",
  "pk": "1a40e859-e1fe-4ea3-84f5-33ecf52a0773",
  "fields": {
    "created_at": "2026-03-21T14:44:03.505Z",
    "updated_at": "2026-03-21T14:44:03.505Z",
    "is_active": true,
    "parent": "004df4e9-f404-46fd-8652-a066c7fe0e17",
    "code": "PORTER",
    "label": "Porter",
    "description": "",
    "sort_order": 5,
    "metadata": {}
  }
},
{
  "model": "lookup.lookupvalue",
  "pk": "1af4a3b0-b60e-4985-919c-5c470e1576e8",
  "fields": {
    "created_at": "2026-03-21T14:44:03.442Z",
    "updated_at": "2026-03-21T14:44:03.442Z",
    "is_active": true,
    "parent": null,
    "code": "WINE_SERVING",
    "label": "Wine Serving",
    "description": "",
    "sort_order": 0,
    "metadata": {}
  }
},
{
  "model": "lookup.lookupvalue",
  "pk": "1d5c784a-fa62-4652-ba63-d81076cd0427",
  "fields": {
    "created_at": "2026-03-18T19:46:11.821Z",
    "updated_at": "2026-03-18T19:46:11.821Z",
    "is_active": true,
    "parent": "533ad81a-8cb2-4fd4-a39a-3c72760a478a",
    "code": "PENDING",
    "label": "Pending",
    "description": "",
    "sort_order": 2,
    "metadata": {}
  }
},
{
  "model": "lookup.lookupvalue",
  "pk": "236cf436-a6ff-4387-ba03-66d99223836a",
  "fields": {
    "created_at": "2026-03-21T14:44:03.398Z",
    "updated_at": "2026-03-21T14:44:03.398Z",
    "is_active": true,
    "parent": "47ac343d-69f4-4405-8f6b-5067d1f41b35",
    "code": "RED",
    "label": "Red",
    "description": "",
    "sort_order": 0,
    "metadata": {}
  }
},
{
  "model": "lookup.lookupvalue",
  "pk": "24ee69d1-cbea-48b1-8575-2dea34cb7049",
  "fields": {
    "created_at": "2026-03-20T23:34:39.085Z",
    "updated_at": "2026-03-20T23:34:39.085Z",
    "is_active": true,
    "parent": "182c7b25-1bc7-4517-8da0-660e5385bd24",
    "code": "EVENT",
    "label": "Event",
    "description": "",
    "sort_order": 5,
    "metadata": {}
  }
},
{
  "model": "lookup.lookupvalue",
  "pk": "28c66595-c37a-4f4c-a5a0-7ddd41bfc3d9",
  "fields": {
    "created_at": "2026-03-21T14:44:03.545Z",
    "updated_at": "2026-03-21T14:44:03.545Z",
    "is_active": true,
    "parent": "004df4e9-f404-46fd-8652-a066c7fe0e17",
    "code": "DOUBLE_IPA",
    "label": "Double IPA",
    "description": "",
    "sort_order": 14,
    "metadata": {}
  }
},
{
  "model": "lookup.lookupvalue",
  "pk": "2901cc02-4580-4785-a140-f7ff79560800",
  "fields": {
    "created_at": "2026-03-18T19:46:11.808Z",
    "updated_at": "2026-03-18T19:46:11.808Z",
    "is_active": true,
    "parent": "96198d55-2e3d-494d-aa14-fd11b498c6e2",
    "code": "RETAIL",
    "label": "Retail",
    "description": "",
    "sort_order": 3,
    "metadata": {}
  }
},
{
  "model": "lookup.lookupvalue",
  "pk": "2ca1315b-4768-4306-b5b8-5ab5b3346e3b",
  "fields": {
    "created_at": "2026-03-18T19:46:11.797Z",
    "updated_at": "2026-03-18T19:46:11.797Z",
    "is_active": true,
    "parent": "96198d55-2e3d-494d-aa14-fd11b498c6e2",
    "code": "FINANCIAL_SERVICES",
    "label": "Financial Services",
    "description": "",
    "sort_order": 0,
    "metadata": {}
  }
},
{
  "model": "lookup.lookupvalue",
  "pk": "3115fc26-a7a4-438e-87ef-74ffadaea05b",
  "fields": {
    "created_at": "2026-03-18T19:46:11.787Z",
    "updated_at": "2026-03-18T19:46:11.787Z",
    "is_active": true,
    "parent": "0d045d98-7a5a-40f2-b363-fe031bb2f084",
    "code": "CONTRACTOR",
    "label": "Contractor",
    "description": "",
    "sort_order": 2,
    "metadata": {}
  }
},
{
  "model": "lookup.lookupvalue",
  "pk": "40f96f47-7fee-4c7a-8dfd-b8a23abf86d2",
  "fields": {
    "created_at": "2026-03-21T14:44:03.436Z",
    "updated_at": "2026-03-21T14:44:03.436Z",
    "is_active": true,
    "parent": "47ac343d-69f4-4405-8f6b-5067d1f41b35",
    "code": "OTHER",
    "label": "Other",
    "description": "",
    "sort_order": 9,
    "metadata": {}
  }
},
{
  "model": "lookup.lookupvalue",
  "pk": "4124a37d-875a-4bed-98ee-3883857d9068",
  "fields": {
    "created_at": "2026-03-21T14:44:03.536Z",
    "updated_at": "2026-03-21T14:44:03.537Z",
    "is_active": true,
    "parent": "004df4e9-f404-46fd-8652-a066c7fe0e17",
    "code": "KOLSCH",
    "label": "Kolsch",
    "description": "",
    "sort_order": 12,
    "metadata": {}
  }
},
{
  "model": "lookup.lookupvalue",
  "pk": "41a6fcde-caa2-4826-812e-4766c63ef070",
  "fields": {
    "created_at": "2026-03-21T14:44:03.451Z",
    "updated_at": "2026-03-21T14:44:03.451Z",
    "is_active": true,
    "parent": "1af4a3b0-b60e-4985-919c-5c470e1576e8",
    "code": "GLASS",
    "label": "Glass",
    "description": "",
    "sort_order": 1,
    "metadata": {}
  }
},
{
  "model": "lookup.lookupvalue",
  "pk": "44cd8273-7efd-4d84-acbb-641cd24e4cbb",
  "fields": {
    "created_at": "2026-03-21T14:44:03.576Z",
    "updated_at": "2026-03-21T14:44:03.576Z",
    "is_active": true,
    "parent": "efe904c5-6242-44a9-bbcf-be04c9f617f3",
    "code": "HALF_PINT",
    "label": "Half Pint",
    "description": "",
    "sort_order": 1,
    "metadata": {}
  }
},
{
  "model": "lookup.lookupvalue",
  "pk": "47ac343d-69f4-4405-8f6b-5067d1f41b35",
  "fields": {
    "created_at": "2026-03-21T14:44:03.391Z",
    "updated_at": "2026-03-21T14:44:03.391Z",
    "is_active": true,
    "parent": null,
    "code": "WINE_TYPE",
    "label": "Wine Type",
    "description": "",
    "sort_order": 0,
    "metadata": {}
  }
},
{
  "model": "lookup.lookupvalue",
  "pk": "4a4785b2-df7f-4049-82e1-e71d8e7bb656",
  "fields": {
    "created_at": "2026-03-20T23:34:39.079Z",
    "updated_at": "2026-03-20T23:34:39.079Z",
    "is_active": true,
    "parent": "182c7b25-1bc7-4517-8da0-660e5385bd24",
    "code": "TRIP_SUGGESTION",
    "label": "Trip Suggestion",
    "description": "",
    "sort_order": 3,
    "metadata": {}
  }
},
{
  "model": "lookup.lookupvalue",
  "pk": "4a8cf61a-2e76-494e-afde-80d4f199dd76",
  "fields": {
    "created_at": "2026-03-21T14:44:03.621Z",
    "updated_at": "2026-03-21T14:44:03.621Z",
    "is_active": true,
    "parent": "182c7b25-1bc7-4517-8da0-660e5385bd24",
    "code": "NEW_RELEASE",
    "label": "New Release",
    "description": "",
    "sort_order": 3,
    "metadata": {}
  }
},
{
  "model": "lookup.lookupvalue",
  "pk": "4bc9f47d-83ee-4749-94e6-43fcddf0f047",
  "fields": {
    "created_at": "2026-03-21T14:44:03.602Z",
    "updated_at": "2026-03-21T14:44:03.602Z",
    "is_active": true,
    "parent": "efe904c5-6242-44a9-bbcf-be04c9f617f3",
    "code": "GROWLER",
    "label": "Growler",
    "description": "",
    "sort_order": 7,
    "metadata": {}
  }
},
{
  "model": "lookup.lookupvalue",
  "pk": "4dc438cf-9cab-426d-9794-98fb455ad826",
  "fields": {
    "created_at": "2026-03-18T19:46:11.779Z",
    "updated_at": "2026-03-18T19:46:11.779Z",
    "is_active": true,
    "parent": "0d045d98-7a5a-40f2-b363-fe031bb2f084",
    "code": "FULL_TIME",
    "label": "Full-time",
    "description": "",
    "sort_order": 0,
    "metadata": {}
  }
},
{
  "model": "lookup.lookupvalue",
  "pk": "52ea5872-6b1f-4f42-b81d-b56d252720b6",
  "fields": {
    "created_at": "2026-03-21T14:44:03.584Z",
    "updated_at": "2026-03-21T14:44:03.584Z",
    "is_active": true,
    "parent": "efe904c5-6242-44a9-bbcf-be04c9f617f3",
    "code": "FLIGHT",
    "label": "Flight",
    "description": "",
    "sort_order": 3,
    "metadata": {}
  }
},
{
  "model": "lookup.lookupvalue",
  "pk": "533ad81a-8cb2-4fd4-a39a-3c72760a478a",
  "fields": {
    "created_at": "2026-03-18T19:46:11.811Z",
    "updated_at": "2026-03-18T19:46:11.811Z",
    "is_active": true,
    "parent": null,
    "code": "STATUS",
    "label": "Status",
    "description": "",
    "sort_order": 0,
    "metadata": {}
  }
},
{
  "model": "lookup.lookupvalue",
  "pk": "536e774b-c9ac-4895-8d3c-dd0fa5270db8",
  "fields": {
    "created_at": "2026-03-20T23:34:39.056Z",
    "updated_at": "2026-03-20T23:34:39.056Z",
    "is_active": true,
    "parent": "18d4a16e-b07b-4b18-96da-b11d03e67c88",
    "code": "SILVER",
    "label": "Silver",
    "description": "",
    "sort_order": 2,
    "metadata": {
      "max_claims": 1,
      "max_promotions": 2
    }
  }
},
{
  "model": "lookup.lookupvalue",
  "pk": "549c3520-f604-4e6e-ad5a-7ce2b82d2582",
  "fields": {
    "created_at": "2026-03-21T14:44:03.528Z",
    "updated_at": "2026-03-21T14:44:03.528Z",
    "is_active": true,
    "parent": "004df4e9-f404-46fd-8652-a066c7fe0e17",
    "code": "BELGIAN",
    "label": "Belgian",
    "description": "",
    "sort_order": 10,
    "metadata": {}
  }
},
{
  "model": "lookup.lookupvalue",
  "pk": "56eb5b71-cb30-47ae-ac7e-17ca0d798fdd",
  "fields": {
    "created_at": "2026-03-20T23:34:39.082Z",
    "updated_at": "2026-03-20T23:34:39.082Z",
    "is_active": true,
    "parent": "182c7b25-1bc7-4517-8da0-660e5385bd24",
    "code": "SPECIAL_OFFER",
    "label": "Special Offer",
    "description": "",
    "sort_order": 4,
    "metadata": {}
  }
},
{
  "model": "lookup.lookupvalue",
  "pk": "57cfc4d5-3d27-46a6-b806-8b9574caa0cc",
  "fields": {
    "created_at": "2026-03-18T19:46:11.824Z",
    "updated_at": "2026-03-18T19:46:11.824Z",
    "is_active": true,
    "parent": "533ad81a-8cb2-4fd4-a39a-3c72760a478a",
    "code": "SUSPENDED",
    "label": "Suspended",
    "description": "",
    "sort_order": 3,
    "metadata": {}
  }
},
{
  "model": "lookup.lookupvalue",
  "pk": "580ceef5-1188-4d65-bbee-f0eda82a284a",
  "fields": {
    "created_at": "2026-03-21T14:44:03.481Z",
    "updated_at": "2026-03-21T14:44:03.481Z",
    "is_active": true,
    "parent": "004df4e9-f404-46fd-8652-a066c7fe0e17",
    "code": "IPA",
    "label": "IPA",
    "description": "",
    "sort_order": 0,
    "metadata": {}
  }
},
{
  "model": "lookup.lookupvalue",
  "pk": "58dbbef8-93c1-41e6-bf7f-64957fe51eeb",
  "fields": {
    "created_at": "2026-03-21T14:44:03.612Z",
    "updated_at": "2026-03-21T14:44:03.612Z",
    "is_active": true,
    "parent": "182c7b25-1bc7-4517-8da0-660e5385bd24",
    "code": "DISCOUNT",
    "label": "Discount",
    "description": "",
    "sort_order": 0,
    "metadata": {}
  }
},
{
  "model": "lookup.lookupvalue",
  "pk": "5d905e6c-b7b8-4e9f-8f16-ebcd90bdfaa8",
  "fields": {
    "created_at": "2026-03-18T19:46:11.755Z",
    "updated_at": "2026-03-18T19:46:11.755Z",
    "is_active": true,
    "parent": null,
    "code": "CUSTOMER_TYPE",
    "label": "Customer Type",
    "description": "",
    "sort_order": 0,
    "metadata": {}
  }
},
{
  "model": "lookup.lookupvalue",
  "pk": "5e8b8eab-a7c0-4b6e-9a64-d45fc841d602",
  "fields": {
    "created_at": "2026-03-20T23:34:39.064Z",
    "updated_at": "2026-03-20T23:34:39.064Z",
    "is_active": true,
    "parent": "18d4a16e-b07b-4b18-96da-b11d03e67c88",
    "code": "PLATINUM",
    "label": "Platinum",
    "description": "",
    "sort_order": 4,
    "metadata": {
      "max_claims": -1,
      "max_promotions": -1
    }
  }
},
{
  "model": "lookup.lookupvalue",
  "pk": "5f9e9d36-6132-4c08-a7f9-20d087b8122b",
  "fields": {
    "created_at": "2026-03-21T14:44:03.570Z",
    "updated_at": "2026-03-21T14:44:03.570Z",
    "is_active": true,
    "parent": "efe904c5-6242-44a9-bbcf-be04c9f617f3",
    "code": "TASTING",
    "label": "Tasting",
    "description": "",
    "sort_order": 0,
    "metadata": {}
  }
},
{
  "model": "lookup.lookupvalue",
  "pk": "6573628b-3b4c-464a-b375-18db584166cd",
  "fields": {
    "created_at": "2026-03-21T14:44:03.424Z",
    "updated_at": "2026-03-21T14:44:03.424Z",
    "is_active": true,
    "parent": "47ac343d-69f4-4405-8f6b-5067d1f41b35",
    "code": "ORANGE",
    "label": "Orange",
    "description": "",
    "sort_order": 6,
    "metadata": {}
  }
},
{
  "model": "lookup.lookupvalue",
  "pk": "6621ee8a-c210-469f-9f62-46bf4784e725",
  "fields": {
    "created_at": "2026-03-18T19:46:11.765Z",
    "updated_at": "2026-03-18T19:46:11.765Z",
    "is_active": true,
    "parent": "5d905e6c-b7b8-4e9f-8f16-ebcd90bdfaa8",
    "code": "SMB",
    "label": "SMB",
    "description": "",
    "sort_order": 1,
    "metadata": {}
  }
},
{
  "model": "lookup.lookupvalue",
  "pk": "674f0932-a7f0-496b-ac03-534e7aaea193",
  "fields": {
    "created_at": "2026-03-20T23:34:39.075Z",
    "updated_at": "2026-03-20T23:34:39.075Z",
    "is_active": true,
    "parent": "182c7b25-1bc7-4517-8da0-660e5385bd24",
    "code": "DISCOVER_SPOTLIGHT",
    "label": "Discover Spotlight",
    "description": "",
    "sort_order": 2,
    "metadata": {}
  }
},
{
  "model": "lookup.lookupvalue",
  "pk": "6ad7b9ce-321e-4418-9e18-088e4f13f3ed",
  "fields": {
    "created_at": "2026-03-18T19:46:11.814Z",
    "updated_at": "2026-03-18T19:46:11.814Z",
    "is_active": true,
    "parent": "533ad81a-8cb2-4fd4-a39a-3c72760a478a",
    "code": "ACTIVE",
    "label": "Active",
    "description": "",
    "sort_order": 0,
    "metadata": {}
  }
},
{
  "model": "lookup.lookupvalue",
  "pk": "70774297-6c13-42f3-8edd-abbdd75fbb72",
  "fields": {
    "created_at": "2026-03-21T14:44:03.468Z",
    "updated_at": "2026-03-21T14:44:03.468Z",
    "is_active": true,
    "parent": "1af4a3b0-b60e-4985-919c-5c470e1576e8",
    "code": "SPLIT",
    "label": "Split",
    "description": "",
    "sort_order": 5,
    "metadata": {}
  }
},
{
  "model": "lookup.lookupvalue",
  "pk": "71009bf0-023e-47ba-99b2-1f43c0bacdb8",
  "fields": {
    "created_at": "2026-03-21T14:44:03.618Z",
    "updated_at": "2026-03-21T14:44:03.618Z",
    "is_active": true,
    "parent": "182c7b25-1bc7-4517-8da0-660e5385bd24",
    "code": "HAPPY_HOUR",
    "label": "Happy Hour",
    "description": "",
    "sort_order": 2,
    "metadata": {}
  }
},
{
  "model": "lookup.lookupvalue",
  "pk": "75b5b2f3-c7f4-4b80-bac0-9ab2e08de4c8",
  "fields": {
    "created_at": "2026-03-21T14:44:03.554Z",
    "updated_at": "2026-03-21T14:44:03.554Z",
    "is_active": true,
    "parent": "004df4e9-f404-46fd-8652-a066c7fe0e17",
    "code": "MEAD",
    "label": "Mead",
    "description": "",
    "sort_order": 16,
    "metadata": {}
  }
},
{
  "model": "lookup.lookupvalue",
  "pk": "7e345e15-072b-45f0-aaf2-1994b9359be1",
  "fields": {
    "created_at": "2026-03-21T14:44:03.496Z",
    "updated_at": "2026-03-21T14:44:03.496Z",
    "is_active": true,
    "parent": "004df4e9-f404-46fd-8652-a066c7fe0e17",
    "code": "PILSNER",
    "label": "Pilsner",
    "description": "",
    "sort_order": 3,
    "metadata": {}
  }
},
{
  "model": "lookup.lookupvalue",
  "pk": "81b5ff75-2b6e-4ea3-a1fe-8ad1d74df82c",
  "fields": {
    "created_at": "2026-03-18T19:46:11.773Z",
    "updated_at": "2026-03-18T19:46:11.773Z",
    "is_active": true,
    "parent": "5d905e6c-b7b8-4e9f-8f16-ebcd90bdfaa8",
    "code": "INDIVIDUAL",
    "label": "Individual",
    "description": "",
    "sort_order": 3,
    "metadata": {}
  }
},
{
  "model": "lookup.lookupvalue",
  "pk": "81da881b-4231-4b4f-b572-ffa3b279a0ab",
  "fields": {
    "created_at": "2026-03-21T14:44:03.589Z",
    "updated_at": "2026-03-21T14:44:03.589Z",
    "is_active": true,
    "parent": "efe904c5-6242-44a9-bbcf-be04c9f617f3",
    "code": "CAN",
    "label": "Can",
    "description": "",
    "sort_order": 4,
    "metadata": {}
  }
},
{
  "model": "lookup.lookupvalue",
  "pk": "82a88ea3-3a7e-4a54-a7c7-c53f17daaeec",
  "fields": {
    "created_at": "2026-03-21T14:44:03.486Z",
    "updated_at": "2026-03-21T14:44:03.486Z",
    "is_active": true,
    "parent": "004df4e9-f404-46fd-8652-a066c7fe0e17",
    "code": "PALE_ALE",
    "label": "Pale Ale",
    "description": "",
    "sort_order": 1,
    "metadata": {}
  }
},
{
  "model": "lookup.lookupvalue",
  "pk": "85b8b5fc-fd97-4449-b2d1-2ea3ac812616",
  "fields": {
    "created_at": "2026-03-21T14:44:03.408Z",
    "updated_at": "2026-03-21T14:44:03.408Z",
    "is_active": true,
    "parent": "47ac343d-69f4-4405-8f6b-5067d1f41b35",
    "code": "ROSÉ",
    "label": "Rosé",
    "description": "",
    "sort_order": 2,
    "metadata": {}
  }
},
{
  "model": "lookup.lookupvalue",
  "pk": "86b92652-20f1-459c-a105-258660cfae5c",
  "fields": {
    "created_at": "2026-03-18T19:46:11.804Z",
    "updated_at": "2026-03-18T19:46:11.804Z",
    "is_active": true,
    "parent": "96198d55-2e3d-494d-aa14-fd11b498c6e2",
    "code": "TECHNOLOGY",
    "label": "Technology",
    "description": "",
    "sort_order": 2,
    "metadata": {}
  }
},
{
  "model": "lookup.lookupvalue",
  "pk": "8942a36b-6ad5-4078-86c5-7acd237be7b3",
  "fields": {
    "created_at": "2026-03-21T14:44:03.525Z",
    "updated_at": "2026-03-21T14:44:03.525Z",
    "is_active": true,
    "parent": "004df4e9-f404-46fd-8652-a066c7fe0e17",
    "code": "BROWN_ALE",
    "label": "Brown Ale",
    "description": "",
    "sort_order": 9,
    "metadata": {}
  }
},
{
  "model": "lookup.lookupvalue",
  "pk": "94d61e34-49ef-430a-9d4e-84bd2c560456",
  "fields": {
    "created_at": "2026-03-21T14:44:03.627Z",
    "updated_at": "2026-03-21T14:44:03.627Z",
    "is_active": true,
    "parent": "182c7b25-1bc7-4517-8da0-660e5385bd24",
    "code": "SEASONAL",
    "label": "Seasonal",
    "description": "",
    "sort_order": 4,
    "metadata": {}
  }
},
{
  "model": "lookup.lookupvalue",
  "pk": "96198d55-2e3d-494d-aa14-fd11b498c6e2",
  "fields": {
    "created_at": "2026-03-18T19:46:11.794Z",
    "updated_at": "2026-03-18T19:46:11.794Z",
    "is_active": true,
    "parent": null,
    "code": "BUSINESS_CATEGORY",
    "label": "Business Category",
    "description": "",
    "sort_order": 0,
    "metadata": {}
  }
},
{
  "model": "lookup.lookupvalue",
  "pk": "9a3bca4f-f475-47a0-acd4-805846b73421",
  "fields": {
    "created_at": "2026-03-21T14:44:03.520Z",
    "updated_at": "2026-03-21T14:44:03.520Z",
    "is_active": true,
    "parent": "004df4e9-f404-46fd-8652-a066c7fe0e17",
    "code": "AMBER",
    "label": "Amber",
    "description": "",
    "sort_order": 8,
    "metadata": {}
  }
},
{
  "model": "lookup.lookupvalue",
  "pk": "a03e1471-4c1d-4410-a086-a65d8b9e3029",
  "fields": {
    "created_at": "2026-03-21T14:44:03.463Z",
    "updated_at": "2026-03-21T14:44:03.463Z",
    "is_active": true,
    "parent": "1af4a3b0-b60e-4985-919c-5c470e1576e8",
    "code": "BOTTLE",
    "label": "Bottle",
    "description": "",
    "sort_order": 4,
    "metadata": {}
  }
},
{
  "model": "lookup.lookupvalue",
  "pk": "a1a6ed5a-6a7d-4cbb-b669-ad3fef82a473",
  "fields": {
    "created_at": "2026-03-21T14:44:03.515Z",
    "updated_at": "2026-03-21T14:44:03.515Z",
    "is_active": true,
    "parent": "004df4e9-f404-46fd-8652-a066c7fe0e17",
    "code": "SOUR",
    "label": "Sour",
    "description": "",
    "sort_order": 7,
    "metadata": {}
  }
},
{
  "model": "lookup.lookupvalue",
  "pk": "a1f07ef5-13b9-452b-a430-29b175411947",
  "fields": {
    "created_at": "2026-03-21T14:44:03.607Z",
    "updated_at": "2026-03-21T14:44:03.607Z",
    "is_active": true,
    "parent": "efe904c5-6242-44a9-bbcf-be04c9f617f3",
    "code": "PITCHER",
    "label": "Pitcher",
    "description": "",
    "sort_order": 8,
    "metadata": {}
  }
},
{
  "model": "lookup.lookupvalue",
  "pk": "a3df9ab3-a9d4-4b59-9978-564f22362b6f",
  "fields": {
    "created_at": "2026-03-20T23:34:39.071Z",
    "updated_at": "2026-03-20T23:34:39.071Z",
    "is_active": true,
    "parent": "182c7b25-1bc7-4517-8da0-660e5385bd24",
    "code": "FEATURED_LISTING",
    "label": "Featured Listing",
    "description": "",
    "sort_order": 1,
    "metadata": {}
  }
},
{
  "model": "lookup.lookupvalue",
  "pk": "a84b54e5-2982-4191-a9b0-5b244bb28b63",
  "fields": {
    "created_at": "2026-03-21T14:44:03.562Z",
    "updated_at": "2026-03-21T14:44:03.562Z",
    "is_active": true,
    "parent": "004df4e9-f404-46fd-8652-a066c7fe0e17",
    "code": "OTHER",
    "label": "Other",
    "description": "",
    "sort_order": 18,
    "metadata": {}
  }
},
{
  "model": "lookup.lookupvalue",
  "pk": "aa463888-8e05-49c8-ba59-5dad608340bc",
  "fields": {
    "created_at": "2026-03-18T19:46:11.801Z",
    "updated_at": "2026-03-18T19:46:11.801Z",
    "is_active": true,
    "parent": "96198d55-2e3d-494d-aa14-fd11b498c6e2",
    "code": "HEALTHCARE",
    "label": "Healthcare",
    "description": "",
    "sort_order": 1,
    "metadata": {}
  }
},
{
  "model": "lookup.lookupvalue",
  "pk": "aaca400e-5d78-4100-a69b-8146d7d88955",
  "fields": {
    "created_at": "2026-03-18T19:46:11.817Z",
    "updated_at": "2026-03-18T19:46:11.817Z",
    "is_active": true,
    "parent": "533ad81a-8cb2-4fd4-a39a-3c72760a478a",
    "code": "INACTIVE",
    "label": "Inactive",
    "description": "",
    "sort_order": 1,
    "metadata": {}
  }
},
{
  "model": "lookup.lookupvalue",
  "pk": "ad39d5e8-ce0a-49e7-99a4-cebd002f9e40",
  "fields": {
    "created_at": "2026-03-21T14:44:03.541Z",
    "updated_at": "2026-03-21T14:44:03.541Z",
    "is_active": true,
    "parent": "004df4e9-f404-46fd-8652-a066c7fe0e17",
    "code": "HAZY_IPA",
    "label": "Hazy IPA",
    "description": "",
    "sort_order": 13,
    "metadata": {}
  }
},
{
  "model": "lookup.lookupvalue",
  "pk": "b3b54555-4bbd-4289-9630-b53b87113d6c",
  "fields": {
    "created_at": "2026-03-21T14:44:03.471Z",
    "updated_at": "2026-03-21T14:44:03.471Z",
    "is_active": true,
    "parent": "1af4a3b0-b60e-4985-919c-5c470e1576e8",
    "code": "MAGNUM",
    "label": "Magnum",
    "description": "",
    "sort_order": 6,
    "metadata": {}
  }
},
{
  "model": "lookup.lookupvalue",
  "pk": "b4550055-4c08-48f8-88cd-5009748b0f8c",
  "fields": {
    "created_at": "2026-03-18T19:46:11.790Z",
    "updated_at": "2026-03-18T19:46:11.790Z",
    "is_active": true,
    "parent": "0d045d98-7a5a-40f2-b363-fe031bb2f084",
    "code": "INTERN",
    "label": "Intern",
    "description": "",
    "sort_order": 3,
    "metadata": {}
  }
},
{
  "model": "lookup.lookupvalue",
  "pk": "b9ac8abd-e54b-4104-8588-278cb1530533",
  "fields": {
    "created_at": "2026-03-18T19:46:11.769Z",
    "updated_at": "2026-03-18T19:46:11.769Z",
    "is_active": true,
    "parent": "5d905e6c-b7b8-4e9f-8f16-ebcd90bdfaa8",
    "code": "STARTUP",
    "label": "Startup",
    "description": "",
    "sort_order": 2,
    "metadata": {}
  }
},
{
  "model": "lookup.lookupvalue",
  "pk": "bb8d8516-f531-4189-9af5-99ee839685ad",
  "fields": {
    "created_at": "2026-03-20T23:34:39.060Z",
    "updated_at": "2026-03-20T23:34:39.060Z",
    "is_active": true,
    "parent": "18d4a16e-b07b-4b18-96da-b11d03e67c88",
    "code": "GOLD",
    "label": "Gold",
    "description": "",
    "sort_order": 3,
    "metadata": {
      "max_claims": 3,
      "max_promotions": 10
    }
  }
},
{
  "model": "lookup.lookupvalue",
  "pk": "bc32b84a-840d-423e-b978-362620050892",
  "fields": {
    "created_at": "2026-03-20T23:34:39.053Z",
    "updated_at": "2026-03-20T23:34:39.053Z",
    "is_active": true,
    "parent": "18d4a16e-b07b-4b18-96da-b11d03e67c88",
    "code": "FREE",
    "label": "Free",
    "description": "",
    "sort_order": 1,
    "metadata": {
      "max_claims": 1,
      "max_promotions": 0
    }
  }
},
{
  "model": "lookup.lookupvalue",
  "pk": "bec13130-4f0a-44d1-b866-c18d7d98b014",
  "fields": {
    "created_at": "2026-03-21T14:44:03.598Z",
    "updated_at": "2026-03-21T14:44:03.598Z",
    "is_active": true,
    "parent": "efe904c5-6242-44a9-bbcf-be04c9f617f3",
    "code": "CROWLER",
    "label": "Crowler",
    "description": "",
    "sort_order": 6,
    "metadata": {}
  }
},
{
  "model": "lookup.lookupvalue",
  "pk": "c363920f-4a20-4ed6-9aaf-6a729475d690",
  "fields": {
    "created_at": "2026-03-21T14:44:03.558Z",
    "updated_at": "2026-03-21T14:44:03.558Z",
    "is_active": true,
    "parent": "004df4e9-f404-46fd-8652-a066c7fe0e17",
    "code": "SELTZER",
    "label": "Seltzer",
    "description": "",
    "sort_order": 17,
    "metadata": {}
  }
},
{
  "model": "lookup.lookupvalue",
  "pk": "c6214e9b-3fdb-4562-b3d5-dd584c53d044",
  "fields": {
    "created_at": "2026-03-21T14:44:03.500Z",
    "updated_at": "2026-03-21T14:44:03.500Z",
    "is_active": true,
    "parent": "004df4e9-f404-46fd-8652-a066c7fe0e17",
    "code": "STOUT",
    "label": "Stout",
    "description": "",
    "sort_order": 4,
    "metadata": {}
  }
},
{
  "model": "lookup.lookupvalue",
  "pk": "cd7d13dd-2199-4175-9743-757848ee88e4",
  "fields": {
    "created_at": "2026-03-21T14:44:03.428Z",
    "updated_at": "2026-03-21T14:44:03.428Z",
    "is_active": true,
    "parent": "47ac343d-69f4-4405-8f6b-5067d1f41b35",
    "code": "NATURAL",
    "label": "Natural",
    "description": "",
    "sort_order": 7,
    "metadata": {}
  }
},
{
  "model": "lookup.lookupvalue",
  "pk": "d1afcff1-715c-4a87-b009-320e4a670cc3",
  "fields": {
    "created_at": "2026-03-18T19:46:11.761Z",
    "updated_at": "2026-03-18T19:46:11.761Z",
    "is_active": true,
    "parent": "5d905e6c-b7b8-4e9f-8f16-ebcd90bdfaa8",
    "code": "ENTERPRISE",
    "label": "Enterprise",
    "description": "",
    "sort_order": 0,
    "metadata": {}
  }
},
{
  "model": "lookup.lookupvalue",
  "pk": "d4a726b4-a506-4e2b-b097-871e92f42aa7",
  "fields": {
    "created_at": "2026-03-21T14:44:03.412Z",
    "updated_at": "2026-03-21T14:44:03.412Z",
    "is_active": true,
    "parent": "47ac343d-69f4-4405-8f6b-5067d1f41b35",
    "code": "SPARKLING",
    "label": "Sparkling",
    "description": "",
    "sort_order": 3,
    "metadata": {}
  }
},
{
  "model": "lookup.lookupvalue",
  "pk": "da3daf90-ef4e-41c7-bf1f-ac4c772230dc",
  "fields": {
    "created_at": "2026-03-21T14:44:03.455Z",
    "updated_at": "2026-03-21T14:44:03.455Z",
    "is_active": true,
    "parent": "1af4a3b0-b60e-4985-919c-5c470e1576e8",
    "code": "FLIGHT",
    "label": "Flight",
    "description": "",
    "sort_order": 2,
    "metadata": {}
  }
},
{
  "model": "lookup.lookupvalue",
  "pk": "dc0b055b-abca-4ec7-8604-bfc312131756",
  "fields": {
    "created_at": "2026-03-21T14:44:03.594Z",
    "updated_at": "2026-03-21T14:44:03.594Z",
    "is_active": true,
    "parent": "efe904c5-6242-44a9-bbcf-be04c9f617f3",
    "code": "BOTTLE",
    "label": "Bottle",
    "description": "",
    "sort_order": 5,
    "metadata": {}
  }
},
{
  "model": "lookup.lookupvalue",
  "pk": "de896e8f-f8cc-4795-ac76-df31defc8232",
  "fields": {
    "created_at": "2026-03-21T14:44:03.510Z",
    "updated_at": "2026-03-21T14:44:03.510Z",
    "is_active": true,
    "parent": "004df4e9-f404-46fd-8652-a066c7fe0e17",
    "code": "WHEAT",
    "label": "Wheat",
    "description": "",
    "sort_order": 6,
    "metadata": {}
  }
},
{
  "model": "lookup.lookupvalue",
  "pk": "e6749bbe-5540-498c-9ec2-49530d7956e4",
  "fields": {
    "created_at": "2026-03-21T14:44:03.460Z",
    "updated_at": "2026-03-21T14:44:03.460Z",
    "is_active": true,
    "parent": "1af4a3b0-b60e-4985-919c-5c470e1576e8",
    "code": "HALF_BOTTLE",
    "label": "Half Bottle",
    "description": "",
    "sort_order": 3,
    "metadata": {}
  }
},
{
  "model": "lookup.lookupvalue",
  "pk": "e6d9e2a0-ab2c-43f1-86b6-df8356c00359",
  "fields": {
    "created_at": "2026-03-21T14:44:03.416Z",
    "updated_at": "2026-03-21T14:44:03.416Z",
    "is_active": true,
    "parent": "47ac343d-69f4-4405-8f6b-5067d1f41b35",
    "code": "DESSERT",
    "label": "Dessert",
    "description": "",
    "sort_order": 4,
    "metadata": {}
  }
},
{
  "model": "lookup.lookupvalue",
  "pk": "e7c99da8-9dea-4dd7-a419-e55dec6508f1",
  "fields": {
    "created_at": "2026-03-21T14:44:03.550Z",
    "updated_at": "2026-03-21T14:44:03.550Z",
    "is_active": true,
    "parent": "004df4e9-f404-46fd-8652-a066c7fe0e17",
    "code": "CIDER",
    "label": "Cider",
    "description": "",
    "sort_order": 15,
    "metadata": {}
  }
},
{
  "model": "lookup.lookupvalue",
  "pk": "ecd88ef5-f2d0-46ef-a28b-21b4a01e1d21",
  "fields": {
    "created_at": "2026-03-21T14:44:03.432Z",
    "updated_at": "2026-03-21T14:44:03.432Z",
    "is_active": true,
    "parent": "47ac343d-69f4-4405-8f6b-5067d1f41b35",
    "code": "BLEND",
    "label": "Blend",
    "description": "",
    "sort_order": 8,
    "metadata": {}
  }
},
{
  "model": "lookup.lookupvalue",
  "pk": "efd9a5e5-d305-4f1d-b01f-8f65a99f3ff3",
  "fields": {
    "created_at": "2026-03-21T14:44:03.420Z",
    "updated_at": "2026-03-21T14:44:03.420Z",
    "is_active": true,
    "parent": "47ac343d-69f4-4405-8f6b-5067d1f41b35",
    "code": "FORTIFIED",
    "label": "Fortified",
    "description": "",
    "sort_order": 5,
    "metadata": {}
  }
},
{
  "model": "lookup.lookupvalue",
  "pk": "efe904c5-6242-44a9-bbcf-be04c9f617f3",
  "fields": {
    "created_at": "2026-03-21T14:44:03.566Z",
    "updated_at": "2026-03-21T14:44:03.566Z",
    "is_active": true,
    "parent": null,
    "code": "BEER_SERVING",
    "label": "Beer Serving",
    "description": "",
    "sort_order": 0,
    "metadata": {}
  }
},
{
  "model": "lookup.lookupvalue",
  "pk": "f8e3fe14-db54-4787-91a3-dad73bb6678e",
  "fields": {
    "created_at": "2026-03-18T19:46:11.783Z",
    "updated_at": "2026-03-18T19:46:11.783Z",
    "is_active": true,
    "parent": "0d045d98-7a5a-40f2-b363-fe031bb2f084",
    "code": "PART_TIME",
    "label": "Part-time",
    "description": "",
    "sort_order": 1,
    "metadata": {}
  }
},
{
  "model": "lookup.lookupvalue",
  "pk": "fb8aef76-91b0-48be-96cd-0f4364c233fa",
  "fields": {
    "created_at": "2026-03-21T14:44:03.446Z",
    "updated_at": "2026-03-21T14:44:03.446Z",
    "is_active": true,
    "parent": "1af4a3b0-b60e-4985-919c-5c470e1576e8",
    "code": "TASTING",
    "label": "Tasting",
    "description": "",
    "sort_order": 0,
    "metadata": {}
  }
},
{
  "model": "lookup.lookupvalue",
  "pk": "fe0085be-7fc7-40ef-a38a-2ba346508817",
  "fields": {
    "created_at": "2026-03-21T14:44:03.580Z",
    "updated_at": "2026-03-21T14:44:03.580Z",
    "is_active": true,
    "parent": "efe904c5-6242-44a9-bbcf-be04c9f617f3",
    "code": "PINT",
    "label": "Pint",
    "description": "",
    "sort_order": 2,
    "metadata": {}
  }
},
{
  "model": "users.user",
  "pk": "004d98c3-a02a-475c-bac7-ed5706926496",
  "fields": {
    "password": "pbkdf2_sha256$1200000$4bx4GEQvLFG3tnDEOWgE3w$r9oFXqNSKShZsbtKXJUG52nZeaNoBOC2JObrr1YUnsI=",
    "last_login": "2026-03-21T00:49:33.732Z",
    "is_superuser": true,
    "created_at": "2026-03-18T19:46:14.014Z",
    "updated_at": "2026-03-21T00:49:33.725Z",
    "is_active": true,
    "email": "wildbill.clerici@gmail.com",
    "first_name": "Bill",
    "last_name": "Clerici",
    "avatar_url": "",
    "is_staff": true,
    "last_login_provider": "google-oauth2",
    "timezone": "America/New_York",
    "stripe_customer_id": "cus_UBERhe6L5e0VU9",
    "subscription_status": "canceled",
    "subscription_plan": "",
    "stripe_subscription_id": "",
    "trial_end": null,
    "groups": [],
    "user_permissions": [],
    "roles": [
      "4d4a3592-f9ee-4a50-93d7-4f17b5fa275d"
    ]
  }
},
{
  "model": "users.user",
  "pk": "1ed8da2b-bc4b-4457-b615-4191e8a15ea7",
  "fields": {
    "password": "pbkdf2_sha256$1200000$jIgIXjbzhsQoHKdnrhkrmn$Gu0FxcP6E9RtGeLoJBCkW6BZIy4n0Mq7HOgnYZLHOn8=",
    "last_login": "2026-03-21T00:49:10.616Z",
    "is_superuser": false,
    "created_at": "2026-03-18T19:46:14.513Z",
    "updated_at": "2026-03-21T00:49:10.607Z",
    "is_active": true,
    "email": "bill@1200investing.com",
    "first_name": "Bill",
    "last_name": "Clerici",
    "avatar_url": "",
    "is_staff": false,
    "last_login_provider": "google-oauth2",
    "timezone": "America/New_York",
    "stripe_customer_id": "cus_UBEfR8j8Dhko6q",
    "subscription_status": "canceled",
    "subscription_plan": "",
    "stripe_subscription_id": "sub_1TCsM30T8gwAlVXybTCklnWF",
    "trial_end": "2026-04-03T02:13:30.785Z",
    "groups": [],
    "user_permissions": [],
    "roles": [
      "2506082e-b5c8-4bae-8279-82a04c69b5de"
    ]
  }
},
{
  "model": "users.user",
  "pk": "3850a8e7-25bf-4960-af68-3c6d774947e2",
  "fields": {
    "password": "pbkdf2_sha256$1200000$gxyziGqGVazV1vqrN0s6I7$Nq1InGJPDZpJwcusW8Dd3yDM1k4tKZmqegNwAKHsaII=",
    "last_login": null,
    "is_superuser": true,
    "created_at": "2026-03-18T19:46:14.265Z",
    "updated_at": "2026-03-20T01:47:38.113Z",
    "is_active": true,
    "email": "micah.minarik@gmail.com",
    "first_name": "Micah",
    "last_name": "Minarik",
    "avatar_url": "",
    "is_staff": true,
    "last_login_provider": "",
    "timezone": "America/New_York",
    "stripe_customer_id": "",
    "subscription_status": "active",
    "subscription_plan": "",
    "stripe_subscription_id": "",
    "trial_end": null,
    "groups": [],
    "user_permissions": [],
    "roles": [
      "2506082e-b5c8-4bae-8279-82a04c69b5de"
    ]
  }
},
{
  "model": "users.user",
  "pk": "4f91f38d-07d0-44d6-8fa0-962b2175050b",
  "fields": {
    "password": "pbkdf2_sha256$1200000$Eb1aVVB16FRnSvtC5rNs9Y$H0C6iGqp/hzjT+Y7ZXNrTT5h3rFTasAlGppwrtSC79o=",
    "last_login": null,
    "is_superuser": false,
    "created_at": "2026-03-18T19:46:14.760Z",
    "updated_at": "2026-03-20T01:37:37.300Z",
    "is_active": true,
    "email": "micah@1200investing.com",
    "first_name": "Micah",
    "last_name": "Minarik",
    "avatar_url": "",
    "is_staff": false,
    "last_login_provider": "",
    "timezone": "America/New_York",
    "stripe_customer_id": "",
    "subscription_status": "active",
    "subscription_plan": "",
    "stripe_subscription_id": "",
    "trial_end": "2026-04-03T02:13:41.773Z",
    "groups": [],
    "user_permissions": [],
    "roles": [
      "24e4dcdc-d8b9-4460-bff5-86c8106e1df2"
    ]
  }
},
{
  "model": "rbac.controlpointgroup",
  "pk": "301b6125-c6cb-48b7-8415-6c8f523f9faf",
  "fields": {
    "created_at": "2026-03-18T19:46:17.111Z",
    "updated_at": "2026-03-18T19:46:17.111Z",
    "is_active": true,
    "name": "User Management",
    "description": "Manage user management",
    "sort_order": 0
  }
},
{
  "model": "rbac.controlpointgroup",
  "pk": "56f415a2-e891-45f0-be57-d81cc4bbfcc7",
  "fields": {
    "created_at": "2026-03-18T19:46:17.175Z",
    "updated_at": "2026-03-18T19:46:17.175Z",
    "is_active": true,
    "name": "Lookup Item Management",
    "description": "Manage lookup item management",
    "sort_order": 0
  }
},
{
  "model": "rbac.controlpointgroup",
  "pk": "60b9a74e-f14a-41fc-b872-99ab8654f4ce",
  "fields": {
    "created_at": "2026-03-18T19:46:17.146Z",
    "updated_at": "2026-03-18T19:46:17.146Z",
    "is_active": true,
    "name": "Control Point Management",
    "description": "Manage control point management",
    "sort_order": 0
  }
},
{
  "model": "rbac.controlpointgroup",
  "pk": "8b35dd30-f8ae-4ea1-9be5-69f6a6716512",
  "fields": {
    "created_at": "2026-03-18T19:46:17.130Z",
    "updated_at": "2026-03-18T19:46:17.130Z",
    "is_active": true,
    "name": "Role Management",
    "description": "Manage role management",
    "sort_order": 0
  }
},
{
  "model": "rbac.controlpointgroup",
  "pk": "9936aa7f-d8d3-4566-96d6-887f192bcdeb",
  "fields": {
    "created_at": "2026-03-20T23:22:11.120Z",
    "updated_at": "2026-03-20T23:22:11.120Z",
    "is_active": true,
    "name": "Partnerships",
    "description": "Partner management control points",
    "sort_order": 30
  }
},
{
  "model": "rbac.controlpointgroup",
  "pk": "f4401529-e26d-474f-91aa-b4ef62e27762",
  "fields": {
    "created_at": "2026-03-20T01:45:13.671Z",
    "updated_at": "2026-03-20T01:45:13.671Z",
    "is_active": true,
    "name": "Subscriber",
    "description": "Control points for subscriber features",
    "sort_order": 10
  }
},
{
  "model": "rbac.controlpointgroup",
  "pk": "fef3a6a5-5701-4120-bc40-0a05ddf56d64",
  "fields": {
    "created_at": "2026-03-18T19:46:17.160Z",
    "updated_at": "2026-03-18T19:46:17.160Z",
    "is_active": true,
    "name": "Control Point Group Management",
    "description": "Manage control point group management",
    "sort_order": 0
  }
},
{
  "model": "rbac.controlpoint",
  "pk": "0171b6af-e9db-4feb-b6c9-2b6d7e14895e",
  "fields": {
    "created_at": "2026-03-18T19:46:17.186Z",
    "updated_at": "2026-03-18T19:46:17.186Z",
    "is_active": true,
    "group": "56f415a2-e891-45f0-be57-d81cc4bbfcc7",
    "code": "LOOKUP_VIEW",
    "label": "Can View Lookup Item",
    "description": "Can View Lookup Item in the system"
  }
},
{
  "model": "rbac.controlpoint",
  "pk": "17ae7ad1-4353-4bcb-ba59-690e8d38ce0e",
  "fields": {
    "created_at": "2026-03-20T23:22:11.147Z",
    "updated_at": "2026-03-20T23:22:11.147Z",
    "is_active": true,
    "group": "9936aa7f-d8d3-4566-96d6-887f192bcdeb",
    "code": "claim.approve",
    "label": "Can Approve Claims",
    "description": "Can Approve Claims"
  }
},
{
  "model": "rbac.controlpoint",
  "pk": "216b1499-1abb-4019-938a-435db954e32d",
  "fields": {
    "created_at": "2026-03-18T19:46:17.151Z",
    "updated_at": "2026-03-18T19:46:17.151Z",
    "is_active": true,
    "group": "60b9a74e-f14a-41fc-b872-99ab8654f4ce",
    "code": "CONTROL_POINT_UPDATE",
    "label": "Can Update Control Point",
    "description": "Can Update Control Point in the system"
  }
},
{
  "model": "rbac.controlpoint",
  "pk": "24201a55-f636-4042-894d-625780704295",
  "fields": {
    "created_at": "2026-03-18T19:46:17.125Z",
    "updated_at": "2026-03-18T19:46:17.125Z",
    "is_active": true,
    "group": "301b6125-c6cb-48b7-8415-6c8f523f9faf",
    "code": "USER_DELETE",
    "label": "Can Delete User",
    "description": "Can Delete User in the system"
  }
},
{
  "model": "rbac.controlpoint",
  "pk": "265935b9-533a-476e-98a2-875d31ca9ed7",
  "fields": {
    "created_at": "2026-03-20T23:22:11.137Z",
    "updated_at": "2026-03-20T23:22:11.137Z",
    "is_active": true,
    "group": "9936aa7f-d8d3-4566-96d6-887f192bcdeb",
    "code": "partner.edit",
    "label": "Can Edit Partners",
    "description": "Can Edit Partners"
  }
},
{
  "model": "rbac.controlpoint",
  "pk": "2ea74296-3a47-4f73-9110-48186c0fb681",
  "fields": {
    "created_at": "2026-03-18T19:46:17.168Z",
    "updated_at": "2026-03-18T19:46:17.168Z",
    "is_active": true,
    "group": "fef3a6a5-5701-4120-bc40-0a05ddf56d64",
    "code": "CP_GROUP_DELETE",
    "label": "Can Delete Control Point Group",
    "description": "Can Delete Control Point Group in the system"
  }
},
{
  "model": "rbac.controlpoint",
  "pk": "48f6b562-055f-49b4-a6aa-ace67062cdf7",
  "fields": {
    "created_at": "2026-03-18T19:46:17.154Z",
    "updated_at": "2026-03-18T19:46:17.154Z",
    "is_active": true,
    "group": "60b9a74e-f14a-41fc-b872-99ab8654f4ce",
    "code": "CONTROL_POINT_DELETE",
    "label": "Can Delete Control Point",
    "description": "Can Delete Control Point in the system"
  }
},
{
  "model": "rbac.controlpoint",
  "pk": "49f20e72-371d-4f2f-a667-1c8b4de2283b",
  "fields": {
    "created_at": "2026-03-18T19:46:17.128Z",
    "updated_at": "2026-03-18T19:46:17.128Z",
    "is_active": true,
    "group": "301b6125-c6cb-48b7-8415-6c8f523f9faf",
    "code": "USER_VIEW",
    "label": "Can View User",
    "description": "Can View User in the system"
  }
},
{
  "model": "rbac.controlpoint",
  "pk": "4d23eb94-7370-417f-a255-e7197e38b96c",
  "fields": {
    "created_at": "2026-03-20T01:45:13.677Z",
    "updated_at": "2026-03-20T01:45:13.677Z",
    "is_active": true,
    "group": "f4401529-e26d-474f-91aa-b4ef62e27762",
    "code": "SUB_DASHBOARD",
    "label": "Can Access Dashboard",
    "description": "Access to Dashboard feature"
  }
},
{
  "model": "rbac.controlpoint",
  "pk": "6725a74b-d7a2-4b88-a43b-fee369eec067",
  "fields": {
    "created_at": "2026-03-20T23:22:11.143Z",
    "updated_at": "2026-03-20T23:22:11.143Z",
    "is_active": true,
    "group": "9936aa7f-d8d3-4566-96d6-887f192bcdeb",
    "code": "claim.view",
    "label": "Can View Claims",
    "description": "Can View Claims"
  }
},
{
  "model": "rbac.controlpoint",
  "pk": "68e3c8aa-a543-45d3-848f-8f028e7d9927",
  "fields": {
    "created_at": "2026-03-18T19:46:17.178Z",
    "updated_at": "2026-03-18T19:46:17.178Z",
    "is_active": true,
    "group": "56f415a2-e891-45f0-be57-d81cc4bbfcc7",
    "code": "LOOKUP_ADD",
    "label": "Can Add Lookup Item",
    "description": "Can Add Lookup Item in the system"
  }
},
{
  "model": "rbac.controlpoint",
  "pk": "778ac52a-7d34-48a9-a4fe-aa05a505c9c3",
  "fields": {
    "created_at": "2026-03-20T01:45:13.685Z",
    "updated_at": "2026-03-20T01:45:13.685Z",
    "is_active": true,
    "group": "f4401529-e26d-474f-91aa-b4ef62e27762",
    "code": "SUB_MY_VISITS",
    "label": "Can Access My Visits",
    "description": "Access to My Visits feature"
  }
},
{
  "model": "rbac.controlpoint",
  "pk": "8b062c1d-ab44-47ba-9883-5661ed076151",
  "fields": {
    "created_at": "2026-03-18T19:46:17.165Z",
    "updated_at": "2026-03-18T19:46:17.165Z",
    "is_active": true,
    "group": "fef3a6a5-5701-4120-bc40-0a05ddf56d64",
    "code": "CP_GROUP_UPDATE",
    "label": "Can Update Control Point Group",
    "description": "Can Update Control Point Group in the system"
  }
},
{
  "model": "rbac.controlpoint",
  "pk": "8ba8a76d-6eb0-45aa-95a6-ef87366c7a4e",
  "fields": {
    "created_at": "2026-03-20T01:45:13.701Z",
    "updated_at": "2026-03-20T01:45:13.701Z",
    "is_active": true,
    "group": "f4401529-e26d-474f-91aa-b4ef62e27762",
    "code": "SUB_MY_SUBSCRIPTION",
    "label": "Can Access My Subscription",
    "description": "Access to My Subscription feature"
  }
},
{
  "model": "rbac.controlpoint",
  "pk": "8cf28061-e56c-48e3-8ca2-7ff3cfd09ad6",
  "fields": {
    "created_at": "2026-03-18T19:46:17.183Z",
    "updated_at": "2026-03-18T19:46:17.183Z",
    "is_active": true,
    "group": "56f415a2-e891-45f0-be57-d81cc4bbfcc7",
    "code": "LOOKUP_DELETE",
    "label": "Can Delete Lookup Item",
    "description": "Can Delete Lookup Item in the system"
  }
},
{
  "model": "rbac.controlpoint",
  "pk": "93c38dcb-ba7a-47fc-bf12-8a6bdce38f0f",
  "fields": {
    "created_at": "2026-03-20T23:22:11.155Z",
    "updated_at": "2026-03-20T23:22:11.155Z",
    "is_active": true,
    "group": "9936aa7f-d8d3-4566-96d6-887f192bcdeb",
    "code": "promotion.approve",
    "label": "Can Approve Promotions",
    "description": "Can Approve Promotions"
  }
},
{
  "model": "rbac.controlpoint",
  "pk": "9f44157a-c3a7-4f4c-b652-306f32f7ba0d",
  "fields": {
    "created_at": "2026-03-18T19:46:17.163Z",
    "updated_at": "2026-03-18T19:46:17.163Z",
    "is_active": true,
    "group": "fef3a6a5-5701-4120-bc40-0a05ddf56d64",
    "code": "CP_GROUP_ADD",
    "label": "Can Add Control Point Group",
    "description": "Can Add Control Point Group in the system"
  }
},
{
  "model": "rbac.controlpoint",
  "pk": "a331ff6f-e15d-4e46-b5bf-b8cc274c1333",
  "fields": {
    "created_at": "2026-03-18T19:46:17.117Z",
    "updated_at": "2026-03-18T19:46:17.117Z",
    "is_active": true,
    "group": "301b6125-c6cb-48b7-8415-6c8f523f9faf",
    "code": "USER_ADD",
    "label": "Can Add User",
    "description": "Can Add User in the system"
  }
},
{
  "model": "rbac.controlpoint",
  "pk": "a58000e0-03ae-4b0f-a2d3-7819227a5c82",
  "fields": {
    "created_at": "2026-03-18T19:46:17.140Z",
    "updated_at": "2026-03-18T19:46:17.140Z",
    "is_active": true,
    "group": "8b35dd30-f8ae-4ea1-9be5-69f6a6716512",
    "code": "ROLE_DELETE",
    "label": "Can Delete Role",
    "description": "Can Delete Role in the system"
  }
},
{
  "model": "rbac.controlpoint",
  "pk": "ad5df07b-427e-49fa-b76f-d469d9f502cc",
  "fields": {
    "created_at": "2026-03-18T19:46:17.121Z",
    "updated_at": "2026-03-18T19:46:17.121Z",
    "is_active": true,
    "group": "301b6125-c6cb-48b7-8415-6c8f523f9faf",
    "code": "USER_UPDATE",
    "label": "Can Update User",
    "description": "Can Update User in the system"
  }
},
{
  "model": "rbac.controlpoint",
  "pk": "b10ad602-6328-43d1-ae72-4bef055258f1",
  "fields": {
    "created_at": "2026-03-20T23:22:11.127Z",
    "updated_at": "2026-03-20T23:22:11.127Z",
    "is_active": true,
    "group": "9936aa7f-d8d3-4566-96d6-887f192bcdeb",
    "code": "partner.view",
    "label": "Can View Partners",
    "description": "Can View Partners"
  }
},
{
  "model": "rbac.controlpoint",
  "pk": "b9b0dacc-113d-4973-97f4-c1fa9f6aac63",
  "fields": {
    "created_at": "2026-03-18T19:46:17.181Z",
    "updated_at": "2026-03-18T19:46:17.181Z",
    "is_active": true,
    "group": "56f415a2-e891-45f0-be57-d81cc4bbfcc7",
    "code": "LOOKUP_UPDATE",
    "label": "Can Update Lookup Item",
    "description": "Can Update Lookup Item in the system"
  }
},
{
  "model": "rbac.controlpoint",
  "pk": "baaba3c8-0e65-44a3-bb30-62cf642dee0b",
  "fields": {
    "created_at": "2026-03-20T23:22:11.150Z",
    "updated_at": "2026-03-20T23:22:11.150Z",
    "is_active": true,
    "group": "9936aa7f-d8d3-4566-96d6-887f192bcdeb",
    "code": "promotion.view",
    "label": "Can View Promotions",
    "description": "Can View Promotions"
  }
},
{
  "model": "rbac.controlpoint",
  "pk": "bf4f47cf-667b-42d4-b516-361464060efd",
  "fields": {
    "created_at": "2026-03-18T19:46:17.133Z",
    "updated_at": "2026-03-18T19:46:17.133Z",
    "is_active": true,
    "group": "8b35dd30-f8ae-4ea1-9be5-69f6a6716512",
    "code": "ROLE_ADD",
    "label": "Can Add Role",
    "description": "Can Add Role in the system"
  }
},
{
  "model": "rbac.controlpoint",
  "pk": "c299aef9-bfd0-4a4e-b246-42bc6b047d51",
  "fields": {
    "created_at": "2026-03-18T19:46:17.143Z",
    "updated_at": "2026-03-18T19:46:17.143Z",
    "is_active": true,
    "group": "8b35dd30-f8ae-4ea1-9be5-69f6a6716512",
    "code": "ROLE_VIEW",
    "label": "Can View Role",
    "description": "Can View Role in the system"
  }
},
{
  "model": "rbac.controlpoint",
  "pk": "c91bcf67-b79c-497e-9543-025e5d4a30bc",
  "fields": {
    "created_at": "2026-03-20T01:45:13.681Z",
    "updated_at": "2026-03-20T01:45:13.681Z",
    "is_active": true,
    "group": "f4401529-e26d-474f-91aa-b4ef62e27762",
    "code": "SUB_PLACES",
    "label": "Can Access Places",
    "description": "Access to Places feature"
  }
},
{
  "model": "rbac.controlpoint",
  "pk": "ce87dbaf-6928-4504-9e0f-716f743aa316",
  "fields": {
    "created_at": "2026-03-18T19:46:17.157Z",
    "updated_at": "2026-03-18T19:46:17.157Z",
    "is_active": true,
    "group": "60b9a74e-f14a-41fc-b872-99ab8654f4ce",
    "code": "CONTROL_POINT_VIEW",
    "label": "Can View Control Point",
    "description": "Can View Control Point in the system"
  }
},
{
  "model": "rbac.controlpoint",
  "pk": "d26f8c5b-e7f8-4b93-beb9-56aae7e967a7",
  "fields": {
    "created_at": "2026-03-20T01:45:13.697Z",
    "updated_at": "2026-03-20T01:45:13.697Z",
    "is_active": true,
    "group": "f4401529-e26d-474f-91aa-b4ef62e27762",
    "code": "SUB_MY_PROFILE",
    "label": "Can Access My Profile",
    "description": "Access to My Profile feature"
  }
},
{
  "model": "rbac.controlpoint",
  "pk": "d64770b4-41f9-4eab-b711-30b747c92361",
  "fields": {
    "created_at": "2026-03-18T19:46:17.136Z",
    "updated_at": "2026-03-18T19:46:17.136Z",
    "is_active": true,
    "group": "8b35dd30-f8ae-4ea1-9be5-69f6a6716512",
    "code": "ROLE_UPDATE",
    "label": "Can Update Role",
    "description": "Can Update Role in the system"
  }
},
{
  "model": "rbac.controlpoint",
  "pk": "d68f05e7-dae7-49b0-bb0b-853e63e17bb1",
  "fields": {
    "created_at": "2026-03-18T19:46:17.149Z",
    "updated_at": "2026-03-18T19:46:17.149Z",
    "is_active": true,
    "group": "60b9a74e-f14a-41fc-b872-99ab8654f4ce",
    "code": "CONTROL_POINT_ADD",
    "label": "Can Add Control Point",
    "description": "Can Add Control Point in the system"
  }
},
{
  "model": "rbac.controlpoint",
  "pk": "d6cec7b0-8c65-4c73-a073-081e3c816dee",
  "fields": {
    "created_at": "2026-03-20T01:45:13.690Z",
    "updated_at": "2026-03-20T01:45:13.690Z",
    "is_active": true,
    "group": "f4401529-e26d-474f-91aa-b4ef62e27762",
    "code": "SUB_TRIPS",
    "label": "Can Access Trips",
    "description": "Access to Trips feature"
  }
},
{
  "model": "rbac.controlpoint",
  "pk": "dc0fb3f3-fd6f-49f8-a580-83ff8fddb5e0",
  "fields": {
    "created_at": "2026-03-20T23:22:11.132Z",
    "updated_at": "2026-03-20T23:22:11.132Z",
    "is_active": true,
    "group": "9936aa7f-d8d3-4566-96d6-887f192bcdeb",
    "code": "partner.approve",
    "label": "Can Approve Partners",
    "description": "Can Approve Partners"
  }
},
{
  "model": "rbac.controlpoint",
  "pk": "fdc06e80-4bb1-48ec-82d2-afab659dec79",
  "fields": {
    "created_at": "2026-03-18T19:46:17.172Z",
    "updated_at": "2026-03-18T19:46:17.172Z",
    "is_active": true,
    "group": "fef3a6a5-5701-4120-bc40-0a05ddf56d64",
    "code": "CP_GROUP_VIEW",
    "label": "Can View Control Point Group",
    "description": "Can View Control Point Group in the system"
  }
},
{
  "model": "rbac.controlpoint",
  "pk": "fe0cf469-189a-4be7-a73e-7796daa04e8e",
  "fields": {
    "created_at": "2026-03-20T01:45:13.693Z",
    "updated_at": "2026-03-20T01:45:13.693Z",
    "is_active": true,
    "group": "f4401529-e26d-474f-91aa-b4ef62e27762",
    "code": "SUB_MY_PALATE",
    "label": "Can Access My Palate",
    "description": "Access to My Palate feature"
  }
},
{
  "model": "rbac.role",
  "pk": "24e4dcdc-d8b9-4460-bff5-86c8106e1df2",
  "fields": {
    "created_at": "2026-03-18T19:46:17.200Z",
    "updated_at": "2026-03-18T19:46:17.200Z",
    "is_active": true,
    "name": "Power User",
    "description": "Power User role",
    "control_points": [
      "4d23eb94-7370-417f-a255-e7197e38b96c",
      "fe0cf469-189a-4be7-a73e-7796daa04e8e",
      "d26f8c5b-e7f8-4b93-beb9-56aae7e967a7",
      "8ba8a76d-6eb0-45aa-95a6-ef87366c7a4e",
      "778ac52a-7d34-48a9-a4fe-aa05a505c9c3",
      "c91bcf67-b79c-497e-9543-025e5d4a30bc",
      "d6cec7b0-8c65-4c73-a073-081e3c816dee"
    ]
  }
},
{
  "model": "rbac.role",
  "pk": "2506082e-b5c8-4bae-8279-82a04c69b5de",
  "fields": {
    "created_at": "2026-03-20T01:38:10.533Z",
    "updated_at": "2026-03-20T01:38:10.533Z",
    "is_active": true,
    "name": "Subscriber",
    "description": "Standard User",
    "control_points": [
      "4d23eb94-7370-417f-a255-e7197e38b96c",
      "fe0cf469-189a-4be7-a73e-7796daa04e8e",
      "d26f8c5b-e7f8-4b93-beb9-56aae7e967a7",
      "8ba8a76d-6eb0-45aa-95a6-ef87366c7a4e",
      "778ac52a-7d34-48a9-a4fe-aa05a505c9c3",
      "c91bcf67-b79c-497e-9543-025e5d4a30bc",
      "d6cec7b0-8c65-4c73-a073-081e3c816dee"
    ]
  }
},
{
  "model": "rbac.role",
  "pk": "498d8929-ca19-4df9-b0a7-32ed8378c254",
  "fields": {
    "created_at": "2026-03-18T19:46:17.203Z",
    "updated_at": "2026-03-18T19:46:17.203Z",
    "is_active": true,
    "name": "Guest",
    "description": "Guest role",
    "control_points": []
  }
},
{
  "model": "rbac.role",
  "pk": "4d4a3592-f9ee-4a50-93d7-4f17b5fa275d",
  "fields": {
    "created_at": "2026-03-18T19:46:17.189Z",
    "updated_at": "2026-03-18T19:46:17.189Z",
    "is_active": true,
    "name": "Admin",
    "description": "Admin role",
    "control_points": [
      "9f44157a-c3a7-4f4c-b652-306f32f7ba0d",
      "2ea74296-3a47-4f73-9110-48186c0fb681",
      "8b062c1d-ab44-47ba-9883-5661ed076151",
      "fdc06e80-4bb1-48ec-82d2-afab659dec79",
      "d68f05e7-dae7-49b0-bb0b-853e63e17bb1",
      "48f6b562-055f-49b4-a6aa-ace67062cdf7",
      "216b1499-1abb-4019-938a-435db954e32d",
      "ce87dbaf-6928-4504-9e0f-716f743aa316",
      "68e3c8aa-a543-45d3-848f-8f028e7d9927",
      "8cf28061-e56c-48e3-8ca2-7ff3cfd09ad6",
      "b9b0dacc-113d-4973-97f4-c1fa9f6aac63",
      "0171b6af-e9db-4feb-b6c9-2b6d7e14895e",
      "bf4f47cf-667b-42d4-b516-361464060efd",
      "a58000e0-03ae-4b0f-a2d3-7819227a5c82",
      "d64770b4-41f9-4eab-b711-30b747c92361",
      "c299aef9-bfd0-4a4e-b246-42bc6b047d51",
      "a331ff6f-e15d-4e46-b5bf-b8cc274c1333",
      "24201a55-f636-4042-894d-625780704295",
      "ad5df07b-427e-49fa-b76f-d469d9f502cc",
      "49f20e72-371d-4f2f-a667-1c8b4de2283b",
      "4d23eb94-7370-417f-a255-e7197e38b96c",
      "fe0cf469-189a-4be7-a73e-7796daa04e8e",
      "d26f8c5b-e7f8-4b93-beb9-56aae7e967a7",
      "8ba8a76d-6eb0-45aa-95a6-ef87366c7a4e",
      "778ac52a-7d34-48a9-a4fe-aa05a505c9c3",
      "c91bcf67-b79c-497e-9543-025e5d4a30bc",
      "d6cec7b0-8c65-4c73-a073-081e3c816dee"
    ]
  }
},
{
  "model": "rbac.role",
  "pk": "7412dcd7-d123-498e-a13e-27d1c95b36b6",
  "fields": {
    "created_at": "2026-03-20T23:22:11.172Z",
    "updated_at": "2026-03-20T23:22:11.172Z",
    "is_active": true,
    "name": "Partner",
    "description": "Partner portal access role",
    "control_points": []
  }
},
{
  "model": "rbac.role",
  "pk": "d219509a-5cbf-4fe2-a5a9-928112c61f82",
  "fields": {
    "created_at": "2026-03-20T23:22:11.160Z",
    "updated_at": "2026-03-20T23:22:11.160Z",
    "is_active": true,
    "name": "Partner Manager",
    "description": "Can manage partners, claims, and promotions",
    "control_points": [
      "17ae7ad1-4353-4bcb-ba59-690e8d38ce0e",
      "dc0fb3f3-fd6f-49f8-a580-83ff8fddb5e0",
      "93c38dcb-ba7a-47fc-bf12-8a6bdce38f0f",
      "265935b9-533a-476e-98a2-875d31ca9ed7",
      "6725a74b-d7a2-4b88-a43b-fee369eec067",
      "b10ad602-6328-43d1-ae72-4bef055258f1",
      "baaba3c8-0e65-44a3-bb30-62cf642dee0b"
    ]
  }
},
{
  "model": "wineries.place",
  "pk": "02efe98b-4f28-4af1-9d0d-ad2ec39fbf3e",
  "fields": {
    "created_at": "2026-03-21T20:53:16.306Z",
    "updated_at": "2026-03-22T02:55:38.881Z",
    "is_active": true,
    "name": "Grandfather Vineyard & Winery",
    "place_type": "winery",
    "description": "",
    "address": "225 Vineyard Lane, Banner Elk, NC 28604, USA",
    "city": "Banner Elk",
    "state": "NC",
    "zip_code": "",
    "country": "US",
    "latitude": "36.149282",
    "longitude": "-81.790569",
    "website": "http://www.grandfathervineyard.com/",
    "phone": "(828) 963-2400",
    "image_url": "",
    "wine_menu_last_scraped": "2026-03-22T02:55:38.881Z",
    "metadata": {}
  }
},
{
  "model": "wineries.place",
  "pk": "0465d5ef-8a6f-4cd9-81c2-454006c88785",
  "fields": {
    "created_at": "2026-03-22T17:48:52.890Z",
    "updated_at": "2026-03-22T17:48:52.890Z",
    "is_active": true,
    "name": "Dynamis Estate Wines",
    "place_type": "winery",
    "description": "Boutique winery focusing on premium reds and whites with personalized tastings",
    "address": "1004 Highland Rd",
    "city": "Jonesville",
    "state": "NC",
    "zip_code": "",
    "country": "US",
    "latitude": "36.200009",
    "longitude": "-80.814942",
    "website": "https://www.dynamisestatewines.com/",
    "phone": "",
    "image_url": "https://places.googleapis.com/v1/places/ChIJQ307lf1_UYgRdVMOWaYLm_s/photos/ATCDNfWOw_UBMqH9l5HHCCJ409-iybLhjCk51FCNBAUgFNp3i5gp2W2KVBG-61JfbjXiq_JtBKsk5Yqkyp1aiejiVf7efRriLB0zhgTogXM3g678x7glPxtWByv38zOBOmhlV5YtradoTLXqlHxi-mXdrs6BoiSH4FwwMS5-U10TPgzLFwODMVzkWAs1W0RNN-5I9ELQqnd9qgs393Fal9Mwz7r7oA35aIEtqbammEKPG0SiFd9SKxr-phvzJdtsyTJvscUsv98GZK6AADB0ixNuOiEBH6m8_HtMnN_qo_W2SI1pMQ/media?maxWidthPx=400&key=GOOGLE_MAPS_API_KEY",
    "wine_menu_last_scraped": null,
    "metadata": {}
  }
},
{
  "model": "wineries.place",
  "pk": "08053552-3af1-4a53-bf6d-0b7d4bdbbe28",
  "fields": {
    "created_at": "2026-03-21T21:33:20.518Z",
    "updated_at": "2026-03-21T21:33:20.518Z",
    "is_active": true,
    "name": "ZincHouse Winery & Brewery",
    "place_type": "winery",
    "description": "",
    "address": "6225 Wake Forest Hwy, Durham, NC 27703, USA",
    "city": "Durham",
    "state": "NC",
    "zip_code": "",
    "country": "US",
    "latitude": "35.982580",
    "longitude": "-78.758921",
    "website": "https://www.zinchouse.com/",
    "phone": "(833) 494-9463",
    "image_url": "",
    "wine_menu_last_scraped": null,
    "metadata": {}
  }
},
{
  "model": "wineries.place",
  "pk": "0b146526-6682-44a4-bb6f-5ca2358264de",
  "fields": {
    "created_at": "2026-03-22T03:13:47.110Z",
    "updated_at": "2026-03-22T03:13:47.111Z",
    "is_active": true,
    "name": "Hazy Red Vineyard",
    "place_type": "winery",
    "description": "",
    "address": "375 Jane Sowers Rd, Statesville, NC 28625, USA",
    "city": "Statesville",
    "state": "NC",
    "zip_code": "",
    "country": "US",
    "latitude": "35.836280",
    "longitude": "-80.854050",
    "website": "https://www.facebook.com/hazyredvineyard/",
    "phone": "(704) 495-6727",
    "image_url": "",
    "wine_menu_last_scraped": null,
    "metadata": {}
  }
},
{
  "model": "wineries.place",
  "pk": "1093aa72-7007-4919-b075-14aef52d5d13",
  "fields": {
    "created_at": "2026-03-22T17:54:33.078Z",
    "updated_at": "2026-03-22T17:55:44.753Z",
    "is_active": true,
    "name": "Slightly Askew Winery",
    "place_type": "winery",
    "description": "Quirky downtown winery with fun atmosphere and creative wine names, known for hosting live music events",
    "address": "913 N Bridge St",
    "city": "Elkin",
    "state": "NC",
    "zip_code": "",
    "country": "US",
    "latitude": "36.258974",
    "longitude": "-80.848226",
    "website": "http://www.slightlyaskewwines.com/",
    "phone": "",
    "image_url": "https://places.googleapis.com/v1/places/ChIJdXem_CmAUYgRaO8RAlNLEe0/photos/ATCDNfXI6jI7KxBlZKCh0t5coYbkgQKw5cBDctz12fag6xGdQCHE57bx8Cv5qTqqXJwqSCRtlS7ZyVjREB2HVVnjMmyQ5YAMl8LB-p--vfumOy2zjsXM-GbX-NnnhRrv3r0FALLZRRaxmTLWG9Y4yTkOD_k4iYO0cr0hs9FofR145Nd4n-ETNMXfjyYu3JryykPsUhmcVntlUOloKeidPcgVlIUfVKNtPoXi_y2MDPPOL5C9HHpjiVyuZoopDYL8ybDc58CAWbs7vAg_v1X_4y9lIIQvC4ETKJpYiku_ao35ZNUYZvmemobWvW7gWzOvhU5FDGs1KOiE3J6CIcIeeVxQpBAZh5_niemdqKqdaxSYgDtvg0xmPsnkfN52z1UuiJH0LnpPEw6AReIURkDjLrlj3EvG7O9NndqHxcfMT5Bk_byqdw8/media?maxWidthPx=400&key=GOOGLE_MAPS_API_KEY",
    "wine_menu_last_scraped": "2026-03-22T17:55:44.753Z",
    "metadata": {}
  }
},
{
  "model": "wineries.place",
  "pk": "14474df6-c945-4905-86b8-3ecba75bf158",
  "fields": {
    "created_at": "2026-03-21T21:33:30.178Z",
    "updated_at": "2026-03-22T15:57:36.057Z",
    "is_active": true,
    "name": "Childress Vineyards",
    "place_type": "winery",
    "description": "",
    "address": "1000 Childress Vineyards Rd, Lexington, NC 27295, USA",
    "city": "Lexington",
    "state": "NC",
    "zip_code": "",
    "country": "US",
    "latitude": "35.842795",
    "longitude": "-80.283430",
    "website": "http://www.childressvineyards.com/",
    "phone": "(336) 236-9463",
    "image_url": "https://places.googleapis.com/v1/places/ChIJ1wo5EoyXU4gRq8di5cq6z4k/photos/ATCDNfX3HWIibxpz7aZ3hn2LtGe4r_aNitaGBVs9PUyJaxbaA92tTda_x3eVc3uQvNKhEm62LwjvI4FILm9yBAMRdN-bGDZ1amFr5DPNYexfUBoPhhJDR8WHxNwQWJ95PPry-dFa1IQDalgJDXlO__kiKrb-gYoQ_xpzsthPcKyh2_DaPkOAIoNaJewIvWhfpCWZf9Kn_wVLg5SJvL3o_rLE6n5rFEVAXhcP_0Zkm7EkLjiBO9DxkWjfeV3okiJX6P72E9V4RcTas_pAloCoVyFk_Od1Ue_Su8vn3sTLVA9fDEBmOQ/media?maxWidthPx=400&key=GOOGLE_MAPS_API_KEY",
    "wine_menu_last_scraped": "2026-03-22T15:57:36.057Z",
    "metadata": {}
  }
},
{
  "model": "wineries.place",
  "pk": "27715774-ae07-4455-ab15-42ab92c4fba4",
  "fields": {
    "created_at": "2026-03-21T20:40:05.850Z",
    "updated_at": "2026-03-21T23:29:44.015Z",
    "is_active": true,
    "name": "Treehouse Vineyards",
    "place_type": "winery",
    "description": "",
    "address": "301 Bay St, Monroe, NC 28112, USA",
    "city": "Monroe",
    "state": "NC",
    "zip_code": "",
    "country": "US",
    "latitude": "34.968685",
    "longitude": "-80.551036",
    "website": "https://treehousevineyards.com/",
    "phone": "(704) 283-4208",
    "image_url": "",
    "wine_menu_last_scraped": null,
    "metadata": {}
  }
},
{
  "model": "wineries.place",
  "pk": "34997b6f-0e80-44e0-a002-f6fedbb59541",
  "fields": {
    "created_at": "2026-03-22T18:46:26.576Z",
    "updated_at": "2026-03-22T19:05:17.612Z",
    "is_active": true,
    "name": "Windsor Run Cellars",
    "place_type": "winery",
    "description": "Beautiful winery offering excellent red and white wines in a scenic setting",
    "address": "6531 Windsor Rd",
    "city": "Hamptonville",
    "state": "NC",
    "zip_code": "",
    "country": "US",
    "latitude": "36.101582",
    "longitude": "-80.862550",
    "website": "http://windsorrun.com/",
    "phone": "",
    "image_url": "https://places.googleapis.com/v1/places/ChIJKbRny-N8UYgREtdEvMhXS_8/photos/ATCDNfXilosfl87GDAsCYHItrkpuBBRAjk1A6p-7YG3345EblmhO45QDqfiWFU-B__4HeAJCWASEFR7Nnq9joGffBQzH69d5AP3e_F4IARiXkvO27KoUuCTMNoB7QbmVBD1UbiayAqLscb0ks0-7GiFUqH0_2BB_uEqXVcPWs08Zemjl9qnl0u1AUtgjqIMelkEy9n1if1lDWKPrH2gfndXyUr-O8BmvrdDMT08_yH5-OPUhhrU5lEhaHg4jLxGGQdJqalONzWTc_oQ0tzfauh-IaD4YRjCzfjGqGAv9dQIEYj-qeA/media?maxWidthPx=400&key=GOOGLE_MAPS_API_KEY",
    "wine_menu_last_scraped": "2026-03-22T19:05:17.612Z",
    "metadata": {}
  }
},
{
  "model": "wineries.place",
  "pk": "3bc32238-96c5-4f7b-8901-405e9fba6c24",
  "fields": {
    "created_at": "2026-03-22T01:26:43.587Z",
    "updated_at": "2026-03-22T01:35:23.006Z",
    "is_active": true,
    "name": "Angry Troll Brewing Elkin",
    "place_type": "brewery",
    "description": "",
    "address": "222 E Main St, Elkin, NC 28621, USA",
    "city": "Elkin",
    "state": "NC",
    "zip_code": "",
    "country": "US",
    "latitude": "36.244633",
    "longitude": "-80.848807",
    "website": "http://elkin.angrytrollbrewing.com/",
    "phone": "(336) 258-2251",
    "image_url": "",
    "wine_menu_last_scraped": "2026-03-22T01:35:23.006Z",
    "metadata": {}
  }
},
{
  "model": "wineries.place",
  "pk": "426eea5f-8895-4c3d-99ec-b88167726bde",
  "fields": {
    "created_at": "2026-03-22T18:04:22.900Z",
    "updated_at": "2026-03-22T18:04:52.962Z",
    "is_active": true,
    "name": "Sierra Nevada Brewing Co.",
    "place_type": "brewery",
    "description": "",
    "address": "100 Sierra Nevada Way",
    "city": "Fletcher",
    "state": "NC",
    "zip_code": "",
    "country": "US",
    "latitude": "35.430880",
    "longitude": "-82.553540",
    "website": "https://sierranevada.com/?utm_source=google&utm_medium=organic&utm_campaign=gbp_tracking",
    "phone": "",
    "image_url": "https://places.googleapis.com/v1/places/ChIJ1_4Bo6TsWYgRRbaQ6_i3nZs/photos/ATCDNfVlALdPd9L8HOoBNzegc7bu1RWds4ae_ZehPQd8Vfg3rYNhz50QTiR9Xlfw-CpDCJKIcGkZWsn6uxeIJAcgGqThXnRvZWNG29uxZkifyl2bgvkKzBmbM3XgTFyYCUoPnI6hxgZDRqXOs-qlRRd7CGUvoNgYfpwYYLpRuQMG1_PAnJr_KTQeOd8aPdD1gp-ccLcLuje_7ji0zNzZW7VduxVkiC4wza_ocNGMZ8ghG85X03lBttqNO_Y5iXeQiYu_o2XzAp24VZjgY4v8edRAnyuYd0n_kR6w9L1IkpeY6OOcTg/media?maxWidthPx=400&key=GOOGLE_MAPS_API_KEY",
    "wine_menu_last_scraped": "2026-03-22T18:04:52.962Z",
    "metadata": {}
  }
},
{
  "model": "wineries.place",
  "pk": "4b1ff0d9-c96a-46ed-ac0f-30b5427b3756",
  "fields": {
    "created_at": "2026-03-21T01:31:20.983Z",
    "updated_at": "2026-03-21T21:35:45.111Z",
    "is_active": true,
    "name": "Parker-Binns Vineyard",
    "place_type": "winery",
    "description": "",
    "address": "393 Lulu Ln",
    "city": "Mill Spring",
    "state": "NC",
    "zip_code": "28756",
    "country": "US",
    "latitude": "35.318053",
    "longitude": "-82.117696",
    "website": "http://www.parkerbinnsvineyard.com/",
    "phone": "(828) 894-0154",
    "image_url": "https://places.googleapis.com/v1/places/ChIJx1MwEexdV4gREDgA0z0MaiY/photos/ATCDNfUQcVzNtPQStKqxCLVF9fOXr9gdaSfmPfwveq3T0UdgYtpY0o2dr-aOdLY299D0iZ3VH96PBlWyKCE5TTUi3CXaxVxmNAUtzZJ0ft2U4UoQCoj0uRWLrcs0ZtFikzCB5hPLO115svRBz41W7nP0VPvL0MoP-e7JJNPJYXw-poJCq1yskQ_rANzAan2hbOFYIzidkl2nhQxnSaOgzTITJVhjIgXkuVXKulmmuP_i_8GEOKhsmW51BolLsnDWzi62NPfvpN5zsshbW3EJm5hn0WDB2uslaR2lWYRvsEXxbNu6xg/media?maxWidthPx=100&key=GOOGLE_MAPS_API_KEY",
    "wine_menu_last_scraped": "2026-03-21T21:35:45.111Z",
    "metadata": {}
  }
},
{
  "model": "wineries.place",
  "pk": "505045f1-7cf1-4aae-bd9d-18d47eec7c00",
  "fields": {
    "created_at": "2026-03-22T01:25:09.837Z",
    "updated_at": "2026-03-22T01:25:45.490Z",
    "is_active": true,
    "name": "Southern Distilling Company",
    "place_type": "brewery",
    "description": "",
    "address": "211 Jennings Rd, Statesville, NC 28625, USA",
    "city": "Statesville",
    "state": "NC",
    "zip_code": "",
    "country": "US",
    "latitude": "35.857128",
    "longitude": "-80.860678",
    "website": "https://www.southerndistillingcompany.com/",
    "phone": "(704) 978-7175",
    "image_url": "",
    "wine_menu_last_scraped": "2026-03-22T01:25:45.490Z",
    "metadata": {}
  }
},
{
  "model": "wineries.place",
  "pk": "5a2bc165-a7f7-4f37-bcf4-bb69367e6136",
  "fields": {
    "created_at": "2026-03-20T22:39:05.723Z",
    "updated_at": "2026-03-21T21:57:35.227Z",
    "is_active": true,
    "name": "Medaloni Cellars",
    "place_type": "winery",
    "description": "",
    "address": "9125 Shallowford Rd",
    "city": "Lewisville",
    "state": "NC",
    "zip_code": "27023",
    "country": "US",
    "latitude": "36.096267",
    "longitude": "-80.493818",
    "website": "http://www.medalonicellars.com/",
    "phone": "(336) 946-1490",
    "image_url": "https://places.googleapis.com/v1/places/ChIJxcD30lXIU4gRSxTZdSmJIC0/photos/ATCDNfWaHZblWg0NNfk7VuIf-T5hVGAeAbbvdc-WMWoUjwmb_ewaLP9FdR4W7ZZR7-3HE1yq1YsTGDY5nud8MoWhrirryj6sqjIE66aWt_VgECOliz5-490m37wAHhEVgf8KbT7mymjwNBalGgJW6HK9Y1J4bnRXfb5muSkJDDh_CRCZL8rx4eirv2yAjahBkz9yIQIxEwe4kuOKn22bbbDTsl01HSQrWz_BBGsGjAKo5OkNv9X2B6pUTY41ENs5GWcjqFU_4tepkS_oIH6BsmSpvhAY05RasBz425NUSI4yZrwdkQ/media?maxWidthPx=260&key=GOOGLE_MAPS_API_KEY",
    "wine_menu_last_scraped": "2026-03-21T21:57:35.227Z",
    "metadata": {}
  }
},
{
  "model": "wineries.place",
  "pk": "6576fac2-24cd-4cc3-99a4-411fadf95da8",
  "fields": {
    "created_at": "2026-03-20T22:39:12.773Z",
    "updated_at": "2026-03-21T02:15:55.668Z",
    "is_active": true,
    "name": "Rayson Winery & Vineyards",
    "place_type": "winery",
    "description": "",
    "address": "322 Brix Ln",
    "city": "Mocksville",
    "state": "NC",
    "zip_code": "27028",
    "country": "US",
    "latitude": "35.970313",
    "longitude": "-80.505907",
    "website": "https://www.raysonwine.com/",
    "phone": "(336) 998-3100",
    "image_url": "https://places.googleapis.com/v1/places/ChIJo-9sH2MtUogRFLRkyIssmgM/photos/ATCDNfWRy8Ky2UrgWAoNQewIRGPflbLvWVu0swC212xRXSZwtUwJhT9lJ2R9sGlGWX0gbFcd0mEODV3QoNZrESYQxRkkRlwhGbU1wE9DrjGpfgqeAWLy906Ajg92UDuHX-2LchFYL3fuY92D5c7E8PQWL7CggmGTJGlXf12ZhdXXmXz8v5keDzFyWxVHhgZEMONKmZ3ij2bW0-mQdhcsoX0e3-IGytRKprrPA0JpESyuYc0iIE4NCs2rGak0JrzQcdlpIGp63zfDnmfF6a0F5gdpJg8hniLKeednoxrOvQx4_QcxTQ/media?maxWidthPx=260&key=GOOGLE_MAPS_API_KEY",
    "wine_menu_last_scraped": "2026-03-20T22:43:57.896Z",
    "metadata": {}
  }
},
{
  "model": "wineries.place",
  "pk": "68722da4-5db7-46a5-972d-b86567f65be5",
  "fields": {
    "created_at": "2026-03-22T18:46:26.589Z",
    "updated_at": "2026-03-22T20:31:55.993Z",
    "is_active": true,
    "name": "Mountain Brook Vineyards",
    "place_type": "winery",
    "description": "Stunning mountain views with exceptional wines, perfect setting to end your wine tour",
    "address": "731 Phillips Dairy Rd",
    "city": "Tryon",
    "state": "NC",
    "zip_code": "",
    "country": "US",
    "latitude": "35.256681",
    "longitude": "-82.038190",
    "website": "https://www.mountainbrookvineyards.com/?utm_source=google&utm_medium=google_business_profile",
    "phone": "",
    "image_url": "https://places.googleapis.com/v1/places/ChIJtw7xqIFoV4gRZ_meHLDI7G8/photos/ATCDNfWiRKWnYb1gtRaZolmG1Yn29AbzZ-6W3zmPTf-vphVYC566wgFgtLYRGNpHDZtjnIRrpv_lzKOp5WhGtysm9GmCS_iypQMGECtmRHd_P_9X3N_U0Jr2pmYNRoO1zRltS6lmehLF-5ip4wr1jxxlzSB3-5tye38YmF0QbhJIdWG1-5shXzFL01Q4NYT4wZEjwMpX0usJ-2u6eJcl0EGcFIXPa9P29FG2921rZDA4qhimF_-kjKMoNUXvljA5ynpsu02D8oq2RxYPFhVXkyQE0rQhDgSgeB7x3f2Dh_EknVm2gQ/media?maxWidthPx=400&key=GOOGLE_MAPS_API_KEY",
    "wine_menu_last_scraped": "2026-03-22T20:31:55.992Z",
    "metadata": {}
  }
},
{
  "model": "wineries.place",
  "pk": "710ed9bc-cb4c-4f85-b0ec-b42b398afd95",
  "fields": {
    "created_at": "2026-03-22T17:12:01.836Z",
    "updated_at": "2026-03-22T17:12:01.836Z",
    "is_active": true,
    "name": "Sanders Ridge Vineyard & Winery",
    "place_type": "winery",
    "description": "Mountain vineyard offering stunning views and excellent wines",
    "address": "3200 Round Hill Rd",
    "city": "Boonville",
    "state": "NC",
    "zip_code": "",
    "country": "US",
    "latitude": "36.199005",
    "longitude": "-80.672355",
    "website": "http://sandersridge.com/",
    "phone": "",
    "image_url": "https://places.googleapis.com/v1/places/ChIJASqAVlHSU4gR7_DDreAVq9s/photos/ATCDNfXUhe0YN6EFY-lOYTO3olE77K4aBlPdjPThVBhRZqc6YcJPRhsubQFF9O4OPHPNB86MMYHv3qy39elH8TDuYY7Uz08u8X5UybZkFci-JpCjqa75KgUXcrxL8EjyfkWq-l4Zvm_T6WMQz98P2d9IIcEQRYxKfN0Y1SJkoi9whRhLMRDlafnRWF7DaJndoAahhA892TdNEQ4juthtmhY0yM92wuO99FHybV7UeQnhZm5cECGnDDy9P00bwELJ8bNdzjN0CUHwJnqBr1AacXwdqwVgLFUzvl6y5bgNfgNcq-cTjQ/media?maxWidthPx=400&key=GOOGLE_MAPS_API_KEY",
    "wine_menu_last_scraped": null,
    "metadata": {}
  }
},
{
  "model": "wineries.place",
  "pk": "78330069-2013-413b-b130-6c2de9e950b4",
  "fields": {
    "created_at": "2026-03-22T18:04:22.892Z",
    "updated_at": "2026-03-22T18:09:26.104Z",
    "is_active": true,
    "name": "Point Lookout Vineyards",
    "place_type": "winery",
    "description": "",
    "address": "408 Appleola Rd",
    "city": "Hendersonville",
    "state": "NC",
    "zip_code": "",
    "country": "US",
    "latitude": "35.389814",
    "longitude": "-82.307330",
    "website": "https://pointlookoutvineyards.com/",
    "phone": "",
    "image_url": "https://places.googleapis.com/v1/places/ChIJU_aD9C3nWYgRq4EfaJ6hhkc/photos/ATCDNfX9Q6wvDwT8peRHAb_Ip2CHeaZF7b37uX_OAFvCHkvD9_bqF6_F_msvza0GMAn5gdWIBlZbcMa9WXMeyzAjdDRjUIHne6mbdmdyt4Fzq2LkPSRu_mwLKrFIiLTHpJQLMDJlt-Nte_Ia89QxRF76hCdSOBPwMvHdrWoW072XFc8_WGNLkjJXyvwLHJgL_XCb0k873RiYMXL0IFS3v5zh39DwnJMKxraOQLrjNKTRTLNNRELvaq8TrUGMjyvCKY9Xtbbmn1Jx21FPIgz8qylhTJ2DWVj2fdfssDoBqgLLNVdJCA/media?maxWidthPx=400&key=GOOGLE_MAPS_API_KEY",
    "wine_menu_last_scraped": "2026-03-22T18:09:26.104Z",
    "metadata": {}
  }
},
{
  "model": "wineries.place",
  "pk": "788a5274-3495-4698-937b-b3c513142b90",
  "fields": {
    "created_at": "2026-03-22T03:02:08.852Z",
    "updated_at": "2026-03-22T03:02:08.852Z",
    "is_active": true,
    "name": "Cat's Paw Winery",
    "place_type": "winery",
    "description": "",
    "address": "210 E Cherokee St, Blacksburg, SC 29702, USA",
    "city": "Blacksburg",
    "state": "SC",
    "zip_code": "",
    "country": "US",
    "latitude": "35.122439",
    "longitude": "-81.512851",
    "website": "http://www.catspawwinery.com/",
    "phone": "(864) 987-8618",
    "image_url": "",
    "wine_menu_last_scraped": null,
    "metadata": {}
  }
},
{
  "model": "wineries.place",
  "pk": "7bc0f66d-0385-463f-aa2b-2367858fedd0",
  "fields": {
    "created_at": "2026-03-22T03:06:55.778Z",
    "updated_at": "2026-03-22T03:06:55.778Z",
    "is_active": true,
    "name": "Shadow Line Vineyard",
    "place_type": "winery",
    "description": "",
    "address": "2550 Shadow Line Ln, Granite Falls, NC 28630, USA",
    "city": "Granite Falls",
    "state": "NC",
    "zip_code": "",
    "country": "US",
    "latitude": "35.877721",
    "longitude": "-81.353651",
    "website": "https://www.shadowlinevineyard.com/",
    "phone": "(828) 234-5773",
    "image_url": "",
    "wine_menu_last_scraped": null,
    "metadata": {}
  }
},
{
  "model": "wineries.place",
  "pk": "84dfa24d-753d-4f48-a5c4-63b96fa6286b",
  "fields": {
    "created_at": "2026-03-21T21:33:54.363Z",
    "updated_at": "2026-03-21T21:33:54.363Z",
    "is_active": true,
    "name": "Linville Falls Winery",
    "place_type": "winery",
    "description": "",
    "address": "9557 Linville Falls Hwy, Newland, NC 28657, USA",
    "city": "Newland",
    "state": "NC",
    "zip_code": "",
    "country": "US",
    "latitude": "35.970253",
    "longitude": "-81.957076",
    "website": "http://www.linvillefallswinery.com/",
    "phone": "(828) 765-1400",
    "image_url": "",
    "wine_menu_last_scraped": null,
    "metadata": {}
  }
},
{
  "model": "wineries.place",
  "pk": "8e61f92d-8d91-447a-b425-b3bbf0138a53",
  "fields": {
    "created_at": "2026-03-22T17:12:01.828Z",
    "updated_at": "2026-03-22T19:05:50.694Z",
    "is_active": true,
    "name": "Grassy Creek Vineyard & Winery",
    "place_type": "winery",
    "description": "Beautiful vineyard known for excellent varietals and welcoming tasting room",
    "address": "235 Chatham Cottage Ln",
    "city": "State Road",
    "state": "NC",
    "zip_code": "",
    "country": "US",
    "latitude": "36.294012",
    "longitude": "-80.862232",
    "website": "http://www.grassycreekvineyard.com/",
    "phone": "",
    "image_url": "https://places.googleapis.com/v1/places/ChIJfUH2D6-BUYgRvplzfoU9JDM/photos/ATCDNfXvOCe2jFQhWJrdMvk34oTuGrQ6Wqubi_-Ortg8-dGku2_u96ESdkduJjycJmk1y8lxiyD-wfEC7ecYvIGI27mEzahGAPcflKA1I46WMvFMBghK3f89Ch-1QeaeYINEhutOUT6nGpp_FM2cBj68Y2SOZwwkXblE-MGO5ddEEZVcxLQyVxdQuAqAoKKN1hrUy4mFYVNHc2o5DKM6dEcFN-jPQIlspTYev2VdT9P8rKbMLxru30AEdw0tAHR9aTzrL45ygLX2GAs5zPdU5oS3cQYPMO81q1MNAhd1d20B0Aez4Q/media?maxWidthPx=400&key=GOOGLE_MAPS_API_KEY",
    "wine_menu_last_scraped": "2026-03-22T19:05:50.693Z",
    "metadata": {}
  }
},
{
  "model": "wineries.place",
  "pk": "9165f533-5986-4ede-8380-236e9750cab5",
  "fields": {
    "created_at": "2026-03-22T03:03:50.057Z",
    "updated_at": "2026-03-22T03:04:17.865Z",
    "is_active": true,
    "name": "Wellborn Winery",
    "place_type": "winery",
    "description": "",
    "address": "254 Mush Creek Rd, Travelers Rest, SC 29690, USA",
    "city": "Travelers Rest",
    "state": "SC",
    "zip_code": "",
    "country": "US",
    "latitude": "35.032729",
    "longitude": "-82.403002",
    "website": "http://wellbornwinery.com/",
    "phone": "(407) 808-4711",
    "image_url": "",
    "wine_menu_last_scraped": "2026-03-22T03:04:17.865Z",
    "metadata": {}
  }
},
{
  "model": "wineries.place",
  "pk": "96162ff6-3fa8-42f1-bd95-138c5249f709",
  "fields": {
    "created_at": "2026-03-22T17:19:18.559Z",
    "updated_at": "2026-03-22T17:19:18.559Z",
    "is_active": true,
    "name": "Elkin Creek Vineyard and Winery",
    "place_type": "winery",
    "description": "Scenic winery with relaxed atmosphere, perfect for ending your wine adventure",
    "address": "318 Elkin Creek Mill Rd",
    "city": "Elkin",
    "state": "NC",
    "zip_code": "",
    "country": "US",
    "latitude": "36.277594",
    "longitude": "-80.873537",
    "website": "http://www.elkincreekvineyard.com/",
    "phone": "",
    "image_url": "https://places.googleapis.com/v1/places/ChIJPXFPJsCBUYgReBYoCh5qs6Q/photos/ATCDNfVYVe1gXEm-9DDcZpiA-4cKCnHyGtelX6raTsyctFarACMhjcVXk58AMbAYDA6kbpeYjLzxopMG2lVeuVOzPYXHLZT4HRI_fq8q46YDGqsg0WDHkLOrM79WgH_rKGGm9oc6eGNK8shAlr7EjotQcVkJ2ujf6Zo4zp4hHvp6Hl8lQuWkXFaysy-Ci1z-IGiuxx2ArLFADFb_6Ar0FjwBj5jJuBKD8nPiTQD4uzrcNJQ3hLgEEAWIfCI8aympaVFYIXEUg0icnyn1hwv-cynFGleA1_OrJHz5iBOsMlqgQ79HqUoRnpcOdVqp43oE2941lC_zofzjsIsFRlp1QMfsej8yJHNtKhjAgd5eozSkEKEpFrzNSzStY8Zil34B5sBD1NMXIWuox4Djx9XNUpU_zjoAkfOjBssD5EzOueKXQPFELA/media?maxWidthPx=400&key=GOOGLE_MAPS_API_KEY",
    "wine_menu_last_scraped": null,
    "metadata": {}
  }
},
{
  "model": "wineries.place",
  "pk": "a8e7ef16-90ea-42dc-a0cf-a41cdb7ea258",
  "fields": {
    "created_at": "2026-03-22T15:37:41.379Z",
    "updated_at": "2026-03-22T15:37:41.379Z",
    "is_active": true,
    "name": "Shelton Vineyards",
    "place_type": "winery",
    "description": "",
    "address": "Shelton Vineyards",
    "city": "Dobson",
    "state": "NC",
    "zip_code": "",
    "country": "US",
    "latitude": "36.364477",
    "longitude": "-80.768591",
    "website": "http://www.sheltonvineyards.com/",
    "phone": "",
    "image_url": "https://places.googleapis.com/v1/places/ChIJt3MqJ6EpUogR_PIaKL2D-MU/photos/ATCDNfVMm6e1XbFH8sH8OUPyPRIsWJYIq7Wf-4rK35X5mv02k_ns6MMrwYU_rcxjDRYVEiJYFSdux61h6LOOjJLygt4xQYge300CHMKwEc0HlgVtUwGiMtC7am3-Z4TrK8etRAFhiZgxii5AYlDvlHEeGWS-7i0N9elGJx40UvU5TK1D2DTQ-KVS7W2r7D9AGPDmuxro6RnJ3zbBedoFE5t-ZlA9mJYO2sSbQroItLps_bRw7s71xIJe7OATaywChz4ouiK5oyxiWiSEt18n7YABRa2JOatW9RamtfzKUSm9feCWagpwSYm7_228sk3VFyBHPwN2IgnzBPHfhPe2KLZjOp92L_2ZmCMi4zjMrCqBjVgJFbXYoVWLJ3OWHxV3VguGOnR_TTwo1NS9KidYXNiB0DWLyphZBffbIuOu1See66Y/media?maxWidthPx=400&key=GOOGLE_MAPS_API_KEY",
    "wine_menu_last_scraped": null,
    "metadata": {}
  }
},
{
  "model": "wineries.place",
  "pk": "ac4586e5-1e66-4787-ae33-0f691f7fe0d5",
  "fields": {
    "created_at": "2026-03-22T15:37:41.389Z",
    "updated_at": "2026-03-22T15:37:41.389Z",
    "is_active": true,
    "name": "Raffaldini Vineyards & Winery",
    "place_type": "winery",
    "description": "",
    "address": "450 Groce Rd",
    "city": "Ronda",
    "state": "NC",
    "zip_code": "",
    "country": "US",
    "latitude": "36.178917",
    "longitude": "-80.891603",
    "website": "http://www.raffaldini.com/",
    "phone": "",
    "image_url": "https://places.googleapis.com/v1/places/ChIJQ027qKh-UYgRgqFaVaKpuHY/photos/ATCDNfUV-uRQnTA1sIrHdYs5kiIX7kyhtWhOZEJuuiBIVdngdFr0TaVelwbJ_g2AAvJRdb9GANIA0KwrmORnsLIxQ0IAkt8H4mQF7oztod61vFv3o1eX7kuckEEoMqKPtAVAYgUqvmJZis00Il_TAqGKEFjrVB8dVoyFa-6HfV66NKboG2irlsRvFAvOVgtQV1tocf0qrN27DiGN7WseBFzH5QpE_i-jzqTDE84c3PIHzWVfucMwvJwmyE1l3fz9lDTYXV1qsVhgNAvEq22dLqDkZBFgYX9fyFmKOYOKKswGnWZ3Zw/media?maxWidthPx=400&key=GOOGLE_MAPS_API_KEY",
    "wine_menu_last_scraped": null,
    "metadata": {}
  }
},
{
  "model": "wineries.place",
  "pk": "c29bc582-0fc8-4d1b-b7f0-f4e4f3beee9e",
  "fields": {
    "created_at": "2026-03-21T01:27:54.108Z",
    "updated_at": "2026-03-21T21:59:12.652Z",
    "is_active": true,
    "name": "JOLO Winery and Vineyards with End Posts Restaurant",
    "place_type": "winery",
    "description": "",
    "address": "219 Jolo Winery Ln",
    "city": "Pilot Mountain",
    "state": "NC",
    "zip_code": "27041",
    "country": "US",
    "latitude": "36.369977",
    "longitude": "-80.524237",
    "website": "http://www.jolovineyards.com/",
    "phone": "(336) 614-0030",
    "image_url": "https://places.googleapis.com/v1/places/ChIJk6SKVCI3UogR6ELpJeeJlCA/photos/ATCDNfVMZlBem1jmdAu0HoHEx3TcKg9yM5B45vdlzhlfHHGt2HKVC8rf6E3PATORVCSe3_3RccPeHEGGnWZBh8uvQxOFJgSIQZSiIWPhU-yyOnLNEpT2lPTCwULpRkSkHZJKLfC-5Sw2cIH5zehPKEWtz_m_L9hluyXmFpqDeTmXv2euQ_fymX51tfa_vIys_RNdqGlDDralTZxhzHIwWnagJ8ymYNi3cKP3HKTA0FFdJC5eAnhPkFEXZTeZf7V-JwOl6fTsu4fTCiVVgKf-nMYtnrh43RDP6h2ZCSpw8UVZt0iocQ/media?maxWidthPx=100&key=GOOGLE_MAPS_API_KEY",
    "wine_menu_last_scraped": "2026-03-21T21:59:12.652Z",
    "metadata": {}
  }
},
{
  "model": "wineries.place",
  "pk": "c5e85b12-23f8-4bfd-a280-ccd3ae1d6c0c",
  "fields": {
    "created_at": "2026-03-22T03:04:59.984Z",
    "updated_at": "2026-03-22T03:04:59.984Z",
    "is_active": true,
    "name": "\"My Sweet Love\" Vineyard",
    "place_type": "winery",
    "description": "",
    "address": "241 Greer St, Spindale, NC 28160, USA",
    "city": "Spindale",
    "state": "NC",
    "zip_code": "",
    "country": "US",
    "latitude": "35.367121",
    "longitude": "-81.923205",
    "website": "http://www.mslvineyard.com/",
    "phone": "(828) 429-7934",
    "image_url": "",
    "wine_menu_last_scraped": null,
    "metadata": {}
  }
},
{
  "model": "wineries.place",
  "pk": "cc824b1b-6f6a-4db6-b5a5-2cead2bfb0b8",
  "fields": {
    "created_at": "2026-03-22T15:56:53.293Z",
    "updated_at": "2026-03-22T15:56:53.293Z",
    "is_active": true,
    "name": "Shadow Springs Vineyard",
    "place_type": "winery",
    "description": "Intimate vineyard perfect for a romantic finale, smaller and more personal with acoustic music on weekends.",
    "address": "5543 Crater Rd",
    "city": "Hamptonville",
    "state": "NC",
    "zip_code": "",
    "country": "US",
    "latitude": "36.096373",
    "longitude": "-80.851809",
    "website": "http://www.shadowspringsvineyard.com/",
    "phone": "",
    "image_url": "https://places.googleapis.com/v1/places/ChIJf_UsdNh8UYgR4q3lmET2h0Q/photos/ATCDNfU6ibRGBxjntXGycsxY_CYP1p_Q1u9tlnB1sUqEGuYOWAyboIo8hhuQUeJVUgtAwTGPE2kfOLiFDYe04WbOF0fPXKJJbtM9toSdoJvJC1er76eA1SQVeXOa32Oka4lgi7TBvsr2KCTBlJi44aPqENOCj9DNl29KouPT1wQs_VYU6IOHfb4N-IpZZX41mZWTf72ltYqN_3nxMkL7sPwS9b3dAusLeyBwfQJm9W97X-Kb8-H1P7hpXUi00PkzsEBEY1Ld0xlyONNaPGYKLU1AbJTnVu6FE72AhDv0unWFqst98Q/media?maxWidthPx=400&key=GOOGLE_MAPS_API_KEY",
    "wine_menu_last_scraped": null,
    "metadata": {}
  }
},
{
  "model": "wineries.place",
  "pk": "d702d0f9-3f32-46cd-b0cf-b510f6fd1a96",
  "fields": {
    "created_at": "2026-03-22T18:27:38.924Z",
    "updated_at": "2026-03-22T18:27:38.924Z",
    "is_active": true,
    "name": "Stone Ashe Vineyard and Winery",
    "place_type": "winery",
    "description": "",
    "address": "736 Green Mountain Rd",
    "city": "Hendersonville",
    "state": "NC",
    "zip_code": "",
    "country": "US",
    "latitude": "35.409524",
    "longitude": "-82.395368",
    "website": "https://stoneashevineyards.com/?utm_source=google&utm_medium=organic&utm_campaign=gbp_tracking",
    "phone": "",
    "image_url": "https://places.googleapis.com/v1/places/ChIJSW-jhWfpWYgRr4kI-yWVRgU/photos/ATCDNfU_xcCUI6cuIblkwRAiuC-DzdoqxHU9sdAsJQkoAOGk9bDAVTcUu5I99PYvLilZUSLoVo9V3FYbLwqFqKMW0p7qki45644dWwzDLa6m7ElvYdqfSXGFmdvNBqPZBDKoxa51DW5UOMIcSE7SlzBynLHeI69lpbuDhvbFvjMaLyeuc_R2hyMlcUrP1Ww7F0KramttstMRQS8zS1gvKyTsKotr3xZuBcK3fyPmyjUwLF1GXOwPcTb6sKarqMS6sf5uYppUwecFAWlQWq3N6u0sHim7TfnDR9vEyTCuubMZ7wjzxQ/media?maxWidthPx=400&key=GOOGLE_MAPS_API_KEY",
    "wine_menu_last_scraped": null,
    "metadata": {}
  }
},
{
  "model": "wineries.place",
  "pk": "d9a514ff-cccc-433f-8e2e-73eea04f7ae0",
  "fields": {
    "created_at": "2026-03-22T17:19:18.553Z",
    "updated_at": "2026-03-22T17:19:18.553Z",
    "is_active": true,
    "name": "Adagio Vineyards",
    "place_type": "winery",
    "description": "Intimate winery known for excellent varietals and welcoming atmosphere",
    "address": "139 Benge Dr",
    "city": "Elkin",
    "state": "NC",
    "zip_code": "",
    "country": "US",
    "latitude": "36.279107",
    "longitude": "-80.860287",
    "website": "http://www.adagiovineyards.com/",
    "phone": "",
    "image_url": "https://places.googleapis.com/v1/places/ChIJFS98X-OBUYgRLt2S83t2x5w/photos/ATCDNfXSWd1AcmPDcAn2gBdvsZxuon-U0dkEXEUHsSc62_vAxsyWWiMqLgVVYN8vBo7wOdldxn_LGyqjhILL5viD6NtMz05F56Qcu3edPw8ka_Ou0CGXCExe8GDBN2VPuwIXwimHRLM0jDV3ibEPrsCRurDPLz52UYQq9dgMe1pAwOavnhmWfCYNJC7mfs_WXjAmHZ9ktEKc34bX6hmRFqu1EiDUS83ObbUZMNDB01Gj01fCvtaUVsPMZxzwoOhkMjp68aqSpPsAP5Dk7rkYY_RD1x6Y4-bkXY4fgZAsdCN3Oxp3mw/media?maxWidthPx=400&key=GOOGLE_MAPS_API_KEY",
    "wine_menu_last_scraped": null,
    "metadata": {}
  }
},
{
  "model": "wineries.place",
  "pk": "dbd2d95a-c5f6-4767-a70f-517fff4c72cf",
  "fields": {
    "created_at": "2026-03-21T23:44:51.145Z",
    "updated_at": "2026-03-22T03:14:46.087Z",
    "is_active": true,
    "name": "Davesté Vineyards",
    "place_type": "winery",
    "description": "",
    "address": "155 Lytton Farm Rd, Troutman, NC 28166, USA",
    "city": "Troutman",
    "state": "NC",
    "zip_code": "",
    "country": "US",
    "latitude": "35.690143",
    "longitude": "-80.903261",
    "website": "https://www.davestevineyards.com/",
    "phone": "(704) 528-3882",
    "image_url": "",
    "wine_menu_last_scraped": "2026-03-22T03:14:46.087Z",
    "metadata": {}
  }
},
{
  "model": "wineries.place",
  "pk": "e5671d5c-9a61-4c6b-b418-7de2d934782a",
  "fields": {
    "created_at": "2026-03-22T18:27:38.932Z",
    "updated_at": "2026-03-22T18:27:38.932Z",
    "is_active": true,
    "name": "Trailside Brewing Co",
    "place_type": "brewery",
    "description": "",
    "address": "873 Lenox Park Dr",
    "city": "Hendersonville",
    "state": "NC",
    "zip_code": "",
    "country": "US",
    "latitude": "35.308681",
    "longitude": "-82.469761",
    "website": "https://trailsidebrews.com/",
    "phone": "",
    "image_url": "https://places.googleapis.com/v1/places/ChIJpz7Jk-7DWYgRuUSZ49h-hgU/photos/ATCDNfWrTf6svgQFVt8zV0aVKfRaXMjun9GZR-DEP9kucfrGpXlJJaj98burla5Mrf4TKP-fJM0JFAtloDwHtAnvCgFr0UAbjHaeDcMhKx-Awii5j0sKHhkjwbDXlqEtAVFKLkr8fH2D0qiFDv_LVRm_b0Z3IYfFCqdmXQgFmjEl_qiIof6V491BtKbbzzhwGHuZevleQr94wT_DPEdXfHRfcVrl_wLs_enS3STD5P7RVTA2uRXNVL8mYNhpxikEqAdWfaZaa1xfGpH0tVPVocC2vXRKdh8XEDnuuGZ0I0rj9aY/media?maxWidthPx=400&key=GOOGLE_MAPS_API_KEY",
    "wine_menu_last_scraped": null,
    "metadata": {}
  }
},
{
  "model": "wineries.place",
  "pk": "f347038d-a8bd-4a8e-bb62-7643f87d86c3",
  "fields": {
    "created_at": "2026-03-22T17:19:18.546Z",
    "updated_at": "2026-03-22T17:19:18.546Z",
    "is_active": true,
    "name": "Carolina Heritage Vineyard & Winery",
    "place_type": "winery",
    "description": "Beautiful vineyard offering both reds and whites in the heart of Yadkin Valley",
    "address": "170 Heritage Vines Way",
    "city": "Elkin",
    "state": "NC",
    "zip_code": "",
    "country": "US",
    "latitude": "36.277840",
    "longitude": "-80.765590",
    "website": "https://www.carolinaheritagevineyards.com/",
    "phone": "",
    "image_url": "https://places.googleapis.com/v1/places/ChIJrTItFx4rUogRgyjCk-eNygQ/photos/ATCDNfVPnYPVoYWU4yMwX4QRcJjFPUpp1KtR9S4r8kxbJmgh5B8mPlyNlXJz5rUaYv0CUPlQtwHFLWWa2wwPZI263p9nyxGwdH-IxTzX1cJvbPmJ_d31Eh2DAmgW0oF_75M3Ba2vyCgqhQkgH6azkuu30sKHnqHF9oLntJ42M8qWNR5ryfkaHUxANwkkE6ZgaqKQcmdKvGaun10TlU-sDTZbheQF_FssfkYZts7PE2l93_MELFoMlXCs5SQiwjWzVI7Z08H9pqZXarGJH3KChJ3rMdBIaRkQRSP_zlKnCZbZZ8gUig/media?maxWidthPx=400&key=GOOGLE_MAPS_API_KEY",
    "wine_menu_last_scraped": null,
    "metadata": {}
  }
},
{
  "model": "wineries.place",
  "pk": "f56cb933-2d94-459f-a063-4240bef679a0",
  "fields": {
    "created_at": "2026-03-22T18:42:41.307Z",
    "updated_at": "2026-03-22T18:42:41.307Z",
    "is_active": true,
    "name": "Castello Barone Vineyards and Winery",
    "place_type": "winery",
    "description": "Italian-inspired winery offering sophisticated dry wines with acoustic performances",
    "address": "475 Groce Rd",
    "city": "Ronda",
    "state": "NC",
    "zip_code": "",
    "country": "US",
    "latitude": "36.180183",
    "longitude": "-80.886839",
    "website": "https://www.castellobarone.com/about",
    "phone": "",
    "image_url": "https://places.googleapis.com/v1/places/ChIJp-BNhWZ_UYgRcItMvRCo_HU/photos/ATCDNfVHdMS2YzRWRaQ9H8MN-_ei3MSt1L2qxUJ7qmuDsxBod8tbY9n3hWAYWVLQNJYUrJvhbsVftPb1KyrkDjpJEEkSbcK-i8h02KuI-YPjy6DT0LMilGtAIHzZLGIB-eS9br1VlYQ6Uounmu7xDlZXLnuiTADUHdj0EalBcz8fXY0_V0Xogx0B1av8MkfPeuUh-GQNyOzysPSW6bwLWGbmWN54N_ydhqjf0qbXVsFbW13FeGKzMD6odIPtnB1ExOvvCklD4pcMxd0a8DtjioRbvYJTP73nZKIW_NnHOVY4IYbMOg/media?maxWidthPx=400&key=GOOGLE_MAPS_API_KEY",
    "wine_menu_last_scraped": null,
    "metadata": {}
  }
},
{
  "model": "wineries.menuitem",
  "pk": "02588f6f-0ac7-48c7-a8f3-da1199f8d9b8",
  "fields": {
    "created_at": "2026-03-21T22:01:32.975Z",
    "updated_at": "2026-03-21T22:01:32.975Z",
    "is_active": true,
    "place": "c29bc582-0fc8-4d1b-b7f0-f4e4f3beee9e",
    "name": "10 Year Vine Bottle",
    "varietal": "Red Blend",
    "vintage": null,
    "description": "10th Anniversary Red Wine Blend with deep notes of dark cherry, blackberry, licorice and baking spice. Palate lavished with dark fruit, toasted oak and spice with velvety tannins.",
    "price": "99.00",
    "image_url": "https://storage.googleapis.com/cdn.vinoshipper.com/wine/129484/5df73aac-eda8-4127-903a-f0e98b75bbdb.jpg",
    "pinecone_vector_id": "",
    "metadata": {
      "scraped": true,
      "wine_type": "Red"
    }
  }
},
{
  "model": "wineries.menuitem",
  "pk": "03061971-e5e1-4f07-a2ee-3ad467dd3d41",
  "fields": {
    "created_at": "2026-03-21T22:01:32.962Z",
    "updated_at": "2026-03-21T22:01:32.962Z",
    "is_active": true,
    "place": "c29bc582-0fc8-4d1b-b7f0-f4e4f3beee9e",
    "name": "2022 Pilot Fog",
    "varietal": "Norton",
    "vintage": 2022,
    "description": "Elegant and concentrated red wine with aromas of dark cherry and plum framed by vanilla bean and shaved chocolate. Velvety palate with bramble fruit, cherry, spice, and cracked pepper.",
    "price": "99.00",
    "image_url": "https://storage.googleapis.com/cdn.vinoshipper.com/wine/114465/a4c84ec4-a527-4954-b9e3-981e3022db05.jpg",
    "pinecone_vector_id": "",
    "metadata": {
      "scraped": true,
      "wine_type": "Red"
    }
  }
},
{
  "model": "wineries.menuitem",
  "pk": "0499a206-5a27-4889-a51c-7d4722c64035",
  "fields": {
    "created_at": "2026-03-21T22:01:32.979Z",
    "updated_at": "2026-03-21T22:01:32.979Z",
    "is_active": true,
    "place": "c29bc582-0fc8-4d1b-b7f0-f4e4f3beee9e",
    "name": "10 Year X Bottle",
    "varietal": "Red Blend",
    "vintage": null,
    "description": "10th Anniversary Red Wine Blend with deep notes of dark cherry, blackberry, licorice and baking spice. Palate lavished with dark fruit, toasted oak and spice with velvety tannins.",
    "price": "99.00",
    "image_url": "https://storage.googleapis.com/cdn.vinoshipper.com/wine/129485/6898ffda-f460-44f2-a0e2-8b5c4bd742f1.jpg",
    "pinecone_vector_id": "",
    "metadata": {
      "scraped": true,
      "wine_type": "Red"
    }
  }
},
{
  "model": "wineries.menuitem",
  "pk": "04d3577e-50e1-4950-933d-51fb19ba1bfe",
  "fields": {
    "created_at": "2026-03-21T21:59:12.561Z",
    "updated_at": "2026-03-21T21:59:12.561Z",
    "is_active": true,
    "place": "c29bc582-0fc8-4d1b-b7f0-f4e4f3beee9e",
    "name": "2022 Pilot Fog",
    "varietal": "Norton",
    "vintage": 2022,
    "description": "Elegant and concentrated red wine with aromas of dark cherry and plum framed by vanilla bean and shaved chocolate. The velvety palate sings with bramble fruit, cherry, spice, and cracked pepper.",
    "price": "99.00",
    "image_url": "https://storage.googleapis.com/cdn.vinoshipper.com/wine/114465/a4c84ec4-a527-4954-b9e3-981e3022db05.jpg",
    "pinecone_vector_id": "",
    "metadata": {
      "scraped": true,
      "wine_type": "Red"
    }
  }
},
{
  "model": "wineries.menuitem",
  "pk": "062d0987-d3c6-4325-b835-7787906ab398",
  "fields": {
    "created_at": "2026-03-22T03:14:46.033Z",
    "updated_at": "2026-03-22T03:14:46.033Z",
    "is_active": true,
    "place": "dbd2d95a-c5f6-4767-a70f-517fff4c72cf",
    "name": "2024 Sauvignon Blanc",
    "varietal": "Sauvignon Blanc",
    "vintage": 2024,
    "description": "Crisp, vibrant, and elegant with flavors of green apple, stone fruit, and citrus. Lean and focused with a refreshing, mouthwatering mineral finish.",
    "price": "24.00",
    "image_url": "https://storage.googleapis.com/cdn.vinoshipper.com/wine/be3a615c-1a38-4297-86a6-e8ac320a7489.jpg",
    "pinecone_vector_id": "",
    "metadata": {
      "scraped": true,
      "wine_type": "White"
    }
  }
},
{
  "model": "wineries.menuitem",
  "pk": "08f5346d-e7db-4e6c-abe3-e9f43ad0c08d",
  "fields": {
    "created_at": "2026-03-22T01:35:22.974Z",
    "updated_at": "2026-03-22T01:35:22.974Z",
    "is_active": true,
    "place": "3bc32238-96c5-4f7b-8901-405e9fba6c24",
    "name": "SaiSun Y'all",
    "varietal": "Farmhouse Ale - Saison",
    "vintage": null,
    "description": "Our summer beer, true to the saison beer style. (ABV: 6.7%)",
    "price": null,
    "image_url": "https://labels.untappd.com/2667305?size=hd",
    "pinecone_vector_id": "",
    "metadata": {
      "scraped": true,
      "wine_type": "Ale"
    }
  }
},
{
  "model": "wineries.menuitem",
  "pk": "0a0cc44c-1cc5-4f1a-99d2-d79d81468959",
  "fields": {
    "created_at": "2026-03-21T21:59:12.584Z",
    "updated_at": "2026-03-21T21:59:12.584Z",
    "is_active": true,
    "place": "c29bc582-0fc8-4d1b-b7f0-f4e4f3beee9e",
    "name": "2023 Crimson Creek",
    "varietal": "Chambourcin",
    "vintage": 2023,
    "description": "Yadkin Valley Chambourcin with enchanting notes of cherry, cranberry, spice, and turned earth. A juicy palate of berries, baking spice and herbs framed by polished tannins.",
    "price": "49.00",
    "image_url": "https://storage.googleapis.com/cdn.vinoshipper.com/wine/130533/6fb3209c-d5a2-4154-a4e7-3cb63031da59.jpg",
    "pinecone_vector_id": "",
    "metadata": {
      "scraped": true,
      "wine_type": "Red"
    }
  }
},
{
  "model": "wineries.menuitem",
  "pk": "0b81640e-2af5-4e8d-875b-9b4e5d1fdc18",
  "fields": {
    "created_at": "2026-03-22T18:04:52.938Z",
    "updated_at": "2026-03-22T18:04:52.938Z",
    "is_active": true,
    "place": "426eea5f-8895-4c3d-99ec-b88167726bde",
    "name": "English India Pale Ale",
    "varietal": "IPA",
    "vintage": null,
    "description": "",
    "price": "30.00",
    "image_url": "https://cdn.shopify.com/s/files/1/0059/1111/7922/files/Mock_IPA.png?v=1768420715",
    "pinecone_vector_id": "",
    "metadata": {
      "scraped": true,
      "wine_type": "IPA"
    }
  }
},
{
  "model": "wineries.menuitem",
  "pk": "0c90c73c-3d4a-40b3-ab0a-63dfeedb2feb",
  "fields": {
    "created_at": "2026-03-21T21:59:12.644Z",
    "updated_at": "2026-03-21T21:59:12.644Z",
    "is_active": true,
    "place": "c29bc582-0fc8-4d1b-b7f0-f4e4f3beee9e",
    "name": "2023 Carolus XII",
    "varietal": "Red Blend",
    "vintage": 2023,
    "description": "Premier wine offering paying homage to North Carolina. Named after King Charles with XII signifying North Carolina was the 12th colony to join the original 13 colonies.",
    "price": "59.00",
    "image_url": "https://img-production-vinoshipper.s3.amazonaws.com/winery/1134/2a310afc-5b61-4e22-abc3-af872b1723aa.jpg",
    "pinecone_vector_id": "",
    "metadata": {
      "scraped": true,
      "wine_type": "Red"
    }
  }
},
{
  "model": "wineries.menuitem",
  "pk": "0e809888-8abb-4cd0-a17d-f2441825656d",
  "fields": {
    "created_at": "2026-03-21T22:01:33.032Z",
    "updated_at": "2026-03-21T22:01:33.032Z",
    "is_active": true,
    "place": "c29bc582-0fc8-4d1b-b7f0-f4e4f3beee9e",
    "name": "2023 Carolus XII",
    "varietal": "Red Blend",
    "vintage": 2023,
    "description": "Premier wine offering paying homage to North Carolina. Named for King Charles with XII signifying North Carolina as the 12th colony to join the original 13 colonies.",
    "price": "59.00",
    "image_url": "https://img-production-vinoshipper.s3.amazonaws.com/winery/1134/2a310afc-5b61-4e22-abc3-af872b1723aa.jpg",
    "pinecone_vector_id": "",
    "metadata": {
      "scraped": true,
      "wine_type": "Red"
    }
  }
},
{
  "model": "wineries.menuitem",
  "pk": "0f08ef08-1aa4-41e9-9e85-837addd219ff",
  "fields": {
    "created_at": "2026-03-22T03:14:46.041Z",
    "updated_at": "2026-03-22T03:14:46.041Z",
    "is_active": true,
    "place": "dbd2d95a-c5f6-4767-a70f-517fff4c72cf",
    "name": "2023 Rkatsiteli",
    "varietal": "Rkatsiteli",
    "vintage": 2023,
    "description": "Dry and medium-bodied with moderate acidity. Aromas of acacia blossom and orange zest with flavors of white peach and honeydew.",
    "price": "30.00",
    "image_url": "https://img-production-vinoshipper.s3.amazonaws.com/winery/2107/9d5eb98d-f804-4004-b95e-672b9cfbc152.jpg",
    "pinecone_vector_id": "",
    "metadata": {
      "scraped": true,
      "wine_type": "White"
    }
  }
},
{
  "model": "wineries.menuitem",
  "pk": "10fd84d5-7968-4b3b-b6c1-06fe6e811015",
  "fields": {
    "created_at": "2026-03-20T22:43:57.865Z",
    "updated_at": "2026-03-20T22:43:57.865Z",
    "is_active": true,
    "place": "6576fac2-24cd-4cc3-99a4-411fadf95da8",
    "name": "2024 Vidal Blanc",
    "varietal": "Vidal Blanc",
    "vintage": 2024,
    "description": "Enjoy our exquisite Vidal Blanc, where the essence of crushed stone, pineapple, and fresh pear intertwine with hints of white flowers. On the palate, experience a tantalizing burst of juiciness and vibrancy, accentuated by flavors of tropical fruits with a subtle touch of minerals.",
    "price": "29.00",
    "image_url": "https://storage.googleapis.com/cdn.vinoshipper.com/wine/143916/ef617c6c-0051-42bb-b17b-f36e2ed33f26.jpg",
    "pinecone_vector_id": "",
    "metadata": {
      "scraped": true,
      "wine_type": "White"
    }
  }
},
{
  "model": "wineries.menuitem",
  "pk": "114516e2-3872-4e55-8e6b-d75c9da244dc",
  "fields": {
    "created_at": "2026-03-21T21:35:45.090Z",
    "updated_at": "2026-03-21T21:35:45.090Z",
    "is_active": true,
    "place": "4b1ff0d9-c96a-46ed-ac0f-30b5427b3756",
    "name": "KAN-GRIA",
    "varietal": "Sangria",
    "vintage": null,
    "description": "Our canned sangria thats boasting tropical fruit, citrus & a mild effervescence.",
    "price": "40.00",
    "image_url": "https://storage.googleapis.com/cdn.vinoshipper.com/wine/125936/939b7191-d4d9-4527-8a65-66d21251996f.jpg",
    "pinecone_vector_id": "",
    "metadata": {
      "scraped": true,
      "wine_type": "Other"
    }
  }
},
{
  "model": "wineries.menuitem",
  "pk": "122f819d-c7b9-46b2-9b18-26980b9b8e76",
  "fields": {
    "created_at": "2026-03-21T21:35:45.075Z",
    "updated_at": "2026-03-21T21:35:45.075Z",
    "is_active": true,
    "place": "4b1ff0d9-c96a-46ed-ac0f-30b5427b3756",
    "name": "2023 Loco Lulu White",
    "varietal": "White Blend",
    "vintage": 2023,
    "description": "Through this blend of two delicious aromatic white varietals come notes of flint, peach and honeysuckle that open nicely in the glass. A medium bodied white wine that builds fresh peach and gooseberry on the palate, and finishes with a pleasant salinity.",
    "price": "23.00",
    "image_url": "https://storage.googleapis.com/cdn.vinoshipper.com/wine/34391/306e6b24-1211-49e5-ae68-428f9cc50fa3.jpg",
    "pinecone_vector_id": "",
    "metadata": {
      "scraped": true,
      "wine_type": "White"
    }
  }
},
{
  "model": "wineries.menuitem",
  "pk": "1412f169-009c-4487-b33c-90909ccfa07c",
  "fields": {
    "created_at": "2026-03-22T01:35:22.987Z",
    "updated_at": "2026-03-22T01:35:22.987Z",
    "is_active": true,
    "place": "3bc32238-96c5-4f7b-8901-405e9fba6c24",
    "name": "Knuckle Dragger",
    "varietal": "IPA - Imperial",
    "vintage": null,
    "description": "ABV: 9.0%",
    "price": null,
    "image_url": "https://labels.untappd.com/358180?size=hd",
    "pinecone_vector_id": "",
    "metadata": {
      "scraped": true,
      "wine_type": "IPA"
    }
  }
},
{
  "model": "wineries.menuitem",
  "pk": "1528aeb4-f2a6-454b-b504-cf43a676c594",
  "fields": {
    "created_at": "2026-03-20T22:43:57.850Z",
    "updated_at": "2026-03-20T22:43:57.850Z",
    "is_active": true,
    "place": "6576fac2-24cd-4cc3-99a4-411fadf95da8",
    "name": "Elevage Rouge",
    "varietal": "Red Blend",
    "vintage": null,
    "description": "Indulge in this exquisite red blend, where vibrant notes of plum, raspberry, and cedar harmonize with enticing hints of baking spice. Experience a burst of red fruit and lively acidity that dances on your palate, enveloped in a luxurious, velvety texture.",
    "price": "39.00",
    "image_url": "https://storage.googleapis.com/cdn.vinoshipper.com/wine/7113d165-b0fd-424f-83b8-70b9e2a2f431.jpg",
    "pinecone_vector_id": "",
    "metadata": {
      "scraped": true,
      "wine_type": "Red"
    }
  }
},
{
  "model": "wineries.menuitem",
  "pk": "15a8bf50-6c85-4aca-8b27-2e29f3f7dad7",
  "fields": {
    "created_at": "2026-03-22T03:14:46.045Z",
    "updated_at": "2026-03-22T03:14:46.045Z",
    "is_active": true,
    "place": "dbd2d95a-c5f6-4767-a70f-517fff4c72cf",
    "name": "2022 Traminette",
    "varietal": "Traminette",
    "vintage": 2022,
    "description": "Floral and spicy aromas combine with flavors of lychee, elderflower, honey, and apricot on the palate. A hint of residual sugar provides slight sweetness upfront but finishes dry.",
    "price": "23.00",
    "image_url": "https://storage.googleapis.com/cdn.vinoshipper.com/wine/122056/bec84602-32da-40b0-a5ab-49b0f43cedc9.jpg",
    "pinecone_vector_id": "",
    "metadata": {
      "scraped": true,
      "wine_type": "White"
    }
  }
},
{
  "model": "wineries.menuitem",
  "pk": "18fc38a9-fe79-4e69-961f-7fd8f64581e4",
  "fields": {
    "created_at": "2026-03-21T22:01:32.988Z",
    "updated_at": "2026-03-21T22:01:32.988Z",
    "is_active": true,
    "place": "c29bc582-0fc8-4d1b-b7f0-f4e4f3beee9e",
    "name": "2023 Golden Hallows Reserve",
    "varietal": "Vidal Blanc",
    "vintage": 2023,
    "description": "Fermented in French and American oak barrels for eleven months. Generous aromas of cooked pineapple, pear, toast, and minerals with lemon filling, stone fruit, and citrus zest.",
    "price": "45.00",
    "image_url": "https://storage.googleapis.com/cdn.vinoshipper.com/wine/137700/81e991fa-01c1-4458-ae52-e5db2be6d89a.jpg",
    "pinecone_vector_id": "",
    "metadata": {
      "scraped": true,
      "wine_type": "White"
    }
  }
},
{
  "model": "wineries.menuitem",
  "pk": "19c2cb02-597d-4c24-aeba-a74391d653fa",
  "fields": {
    "created_at": "2026-03-22T03:04:17.852Z",
    "updated_at": "2026-03-22T03:04:17.852Z",
    "is_active": true,
    "place": "9165f533-5986-4ede-8380-236e9750cab5",
    "name": "Blueberry Wine",
    "varietal": "Blueberry",
    "vintage": null,
    "description": "Fruit wine made from blueberries provided by local growers.",
    "price": null,
    "image_url": "",
    "pinecone_vector_id": "",
    "metadata": {
      "scraped": true,
      "wine_type": "Other"
    }
  }
},
{
  "model": "wineries.menuitem",
  "pk": "1a4a7a6d-e31a-4cf5-91f6-04fddacde3db",
  "fields": {
    "created_at": "2026-03-21T21:59:12.552Z",
    "updated_at": "2026-03-21T21:59:12.552Z",
    "is_active": true,
    "place": "c29bc582-0fc8-4d1b-b7f0-f4e4f3beee9e",
    "name": "2022 Cabernet Sauvignon",
    "varietal": "Cabernet Sauvignon",
    "vintage": 2022,
    "description": "Complex and rich cooler climate Cabernet Sauvignon with enticing aromas of plum, dark cherry, and bramble fruit with wafts of baking spice, caramel, and violets.",
    "price": "75.00",
    "image_url": "https://storage.googleapis.com/cdn.vinoshipper.com/wine/107923/cf3383e7-d7f9-48d8-89c3-cb0ae37d3eec.jpg",
    "pinecone_vector_id": "",
    "metadata": {
      "scraped": true,
      "wine_type": "Red"
    }
  }
},
{
  "model": "wineries.menuitem",
  "pk": "1b729e3c-eb14-47cc-8a54-3f685f9a899b",
  "fields": {
    "created_at": "2026-03-22T19:05:50.666Z",
    "updated_at": "2026-03-22T19:05:50.666Z",
    "is_active": true,
    "place": "8e61f92d-8d91-447a-b425-b3bbf0138a53",
    "name": "2023 Chardonnay",
    "varietal": "Chardonnay",
    "vintage": 2023,
    "description": "Fermented on the lees this Chardonnay has hints of honeydew and melons on the nose with light citrus flavors on the palette. It is crisp, refreshing and has a smooth full finish.",
    "price": "28.00",
    "image_url": "",
    "pinecone_vector_id": "",
    "metadata": {
      "scraped": true,
      "wine_type": "White"
    }
  }
},
{
  "model": "wineries.menuitem",
  "pk": "1bd57483-c42d-4e31-a52b-32727eef061f",
  "fields": {
    "created_at": "2026-03-21T21:35:45.084Z",
    "updated_at": "2026-03-21T21:35:45.084Z",
    "is_active": true,
    "place": "4b1ff0d9-c96a-46ed-ac0f-30b5427b3756",
    "name": "2023 Loco Lulu Rosé",
    "varietal": "Rosé",
    "vintage": 2023,
    "description": "Pouring a lovely pink salmon hue, this rosé of Cabernet Franc and Sauvignon has aromas of rose, fresh strawberry, and hard shell candy. A very fresh, off-dry wine that pops notes of fig and red berry fruits and finishes with a clean minerality.",
    "price": "23.00",
    "image_url": "https://storage.googleapis.com/cdn.vinoshipper.com/wine/47368/7599789c-73a6-44a4-8309-580948bf57cb.jpg",
    "pinecone_vector_id": "",
    "metadata": {
      "scraped": true,
      "wine_type": "Rosé"
    }
  }
},
{
  "model": "wineries.menuitem",
  "pk": "1d56912d-926a-48b0-a087-5b8245ca3c2d",
  "fields": {
    "created_at": "2026-03-22T01:35:22.982Z",
    "updated_at": "2026-03-22T01:35:22.982Z",
    "is_active": true,
    "place": "3bc32238-96c5-4f7b-8901-405e9fba6c24",
    "name": "Camilla Vienna Lager",
    "varietal": "Lager - Vienna",
    "vintage": null,
    "description": "A beautifully reddish, toasty Vienna Lager with the approachable sweetness and bready warmth that made Mexican Lagers legendary with a crisp, clean finish. Sessionable, smooth, and impossible not to love. (ABV: 5.1%)",
    "price": null,
    "image_url": "https://labels.untappd.com/6640859?size=hd",
    "pinecone_vector_id": "",
    "metadata": {
      "scraped": true,
      "wine_type": "Lager"
    }
  }
},
{
  "model": "wineries.menuitem",
  "pk": "1ff4f545-d1ac-463d-ace2-bcd42e8ae572",
  "fields": {
    "created_at": "2026-03-22T03:14:46.026Z",
    "updated_at": "2026-03-22T03:14:46.026Z",
    "is_active": true,
    "place": "dbd2d95a-c5f6-4767-a70f-517fff4c72cf",
    "name": "2024 Esté Sparkling White Wine",
    "varietal": "Traminette",
    "vintage": 2024,
    "description": "A Traminette-based blend with floral aromas of jasmine and rose, leading to notes of tropical fruit and honey on the palate. Bright and effervescent, this wine finishes with refreshing acidity.",
    "price": "38.00",
    "image_url": "https://storage.googleapis.com/cdn.vinoshipper.com/wine/351df6f3-5162-4a3a-9bb5-b8b27a50d5f4.jpg",
    "pinecone_vector_id": "",
    "metadata": {
      "scraped": true,
      "wine_type": "Sparkling"
    }
  }
},
{
  "model": "wineries.menuitem",
  "pk": "22519bc5-d951-4cf1-a1fb-bed99efda739",
  "fields": {
    "created_at": "2026-03-22T18:04:52.946Z",
    "updated_at": "2026-03-22T18:04:52.946Z",
    "is_active": true,
    "place": "426eea5f-8895-4c3d-99ec-b88167726bde",
    "name": "West Ghost IPA",
    "varietal": "IPA",
    "vintage": null,
    "description": "",
    "price": null,
    "image_url": "https://cdn.shopify.com/s/files/1/0059/1111/7922/files/WestGhost2025_16ozCan_Mock.png?v=1769538560",
    "pinecone_vector_id": "",
    "metadata": {
      "scraped": true,
      "wine_type": "IPA"
    }
  }
},
{
  "model": "wineries.menuitem",
  "pk": "23b09580-2ecf-444b-af86-5ed9d5d83bd9",
  "fields": {
    "created_at": "2026-03-21T22:01:33.023Z",
    "updated_at": "2026-03-21T22:01:33.023Z",
    "is_active": true,
    "place": "c29bc582-0fc8-4d1b-b7f0-f4e4f3beee9e",
    "name": "2025 Twinkles",
    "varietal": "Rosé",
    "vintage": 2025,
    "description": "Crisp, well balanced sparkling wine with vibrant aromas of red berries, clementine peel, white flowers and citrus zest. Hints of stone fruit, citrus and white fruit with twinkle of citrus.",
    "price": "52.00",
    "image_url": "https://img-production-vinoshipper.s3.amazonaws.com/winery/1134/a34c7a06-c445-4b98-a0e8-d048748139b5.jpg",
    "pinecone_vector_id": "",
    "metadata": {
      "scraped": true,
      "wine_type": "Sparkling"
    }
  }
},
{
  "model": "wineries.menuitem",
  "pk": "2671eb5c-1208-448a-aeaa-3b1087db805b",
  "fields": {
    "created_at": "2026-03-21T21:35:45.109Z",
    "updated_at": "2026-03-21T21:35:45.109Z",
    "is_active": true,
    "place": "4b1ff0d9-c96a-46ed-ac0f-30b5427b3756",
    "name": "2024 Pea Ridge Red",
    "varietal": "Bordeaux",
    "vintage": 2024,
    "description": "Blend of Chambourcin and Petit Verdot showing notes of black cherry, plum and milk chocolate on the palate. Well-integrated tannins make this wine flexible with all sorts of food pairings.",
    "price": "28.00",
    "image_url": "https://storage.googleapis.com/cdn.vinoshipper.com/wine/26198/62e88e54-26ab-4db9-bcaa-278331c35846.jpg",
    "pinecone_vector_id": "",
    "metadata": {
      "scraped": true,
      "wine_type": "Red"
    }
  }
},
{
  "model": "wineries.menuitem",
  "pk": "29c1bc1b-a225-462c-ba63-00bcd7ecf7bb",
  "fields": {
    "created_at": "2026-03-22T03:04:17.831Z",
    "updated_at": "2026-03-22T03:04:17.831Z",
    "is_active": true,
    "place": "9165f533-5986-4ede-8380-236e9750cab5",
    "name": "Leon Millot",
    "varietal": "Leon Millot",
    "vintage": null,
    "description": "French-American hybrid grape variety grown at the vineyard that pairs well with the upstate South Carolina terroir.",
    "price": null,
    "image_url": "",
    "pinecone_vector_id": "",
    "metadata": {
      "scraped": true,
      "wine_type": "Red"
    }
  }
},
{
  "model": "wineries.menuitem",
  "pk": "2b1a3710-6f8a-4eb5-9865-d0398c407400",
  "fields": {
    "created_at": "2026-03-21T22:01:32.994Z",
    "updated_at": "2026-03-21T22:01:32.994Z",
    "is_active": true,
    "place": "c29bc582-0fc8-4d1b-b7f0-f4e4f3beee9e",
    "name": "2024 Twinkles",
    "varietal": "Rosé",
    "vintage": 2024,
    "description": "Crisp well-balanced sparkling wine with vibrant aromas of white peach, clementine peel, white flowers, and citrus zest. Hints of peach skin, citrus, and crisp apple with a twinkle of citrus.",
    "price": "47.00",
    "image_url": "https://storage.googleapis.com/cdn.vinoshipper.com/wine/143566/5ad9c952-5d19-472d-8fce-a6f0bcbdca93.jpg",
    "pinecone_vector_id": "",
    "metadata": {
      "scraped": true,
      "wine_type": "Sparkling"
    }
  }
},
{
  "model": "wineries.menuitem",
  "pk": "2bda8015-7190-442c-a92a-6e5f5190870f",
  "fields": {
    "created_at": "2026-03-22T03:14:46.048Z",
    "updated_at": "2026-03-22T03:14:46.048Z",
    "is_active": true,
    "place": "dbd2d95a-c5f6-4767-a70f-517fff4c72cf",
    "name": "2022 Chardonnay Reserve",
    "varietal": "Chardonnay",
    "vintage": 2022,
    "description": "Pronounced butter and oak combine with flavors of yellow peach, pineapple, and vanilla. Full-bodied and textured with a lengthy finish.",
    "price": "25.00",
    "image_url": "https://storage.googleapis.com/cdn.vinoshipper.com/wine/dd55176a-f916-491a-98d0-3784d7665c3a.jpg",
    "pinecone_vector_id": "",
    "metadata": {
      "scraped": true,
      "wine_type": "White"
    }
  }
},
{
  "model": "wineries.menuitem",
  "pk": "2be4e63a-ee6a-496b-ab6c-462f836a304a",
  "fields": {
    "created_at": "2026-03-22T03:04:17.863Z",
    "updated_at": "2026-03-22T03:04:17.863Z",
    "is_active": true,
    "place": "9165f533-5986-4ede-8380-236e9750cab5",
    "name": "Peach Wine",
    "varietal": "Peach",
    "vintage": null,
    "description": "Fruit wine made from peaches supplied by farmers in Marietta, Greer, Chesnee, and Gaffney.",
    "price": null,
    "image_url": "",
    "pinecone_vector_id": "",
    "metadata": {
      "scraped": true,
      "wine_type": "Other"
    }
  }
},
{
  "model": "wineries.menuitem",
  "pk": "2c01876b-b34b-495d-8178-c004436f2bcc",
  "fields": {
    "created_at": "2026-03-21T22:01:32.971Z",
    "updated_at": "2026-03-21T22:01:32.971Z",
    "is_active": true,
    "place": "c29bc582-0fc8-4d1b-b7f0-f4e4f3beee9e",
    "name": "2023 JOLOTAGE",
    "varietal": "Red Blend",
    "vintage": 2023,
    "description": "Vibrant aromatics of bright red fruit with pomegranate and spices. Well-integrated red fruit with hints of cedar, leather, and pepper with polished yet firm tannins.",
    "price": "42.00",
    "image_url": "https://storage.googleapis.com/cdn.vinoshipper.com/wine/126796/e50996bd-4216-4179-a1d4-ad25ce0d1c15.jpg",
    "pinecone_vector_id": "",
    "metadata": {
      "scraped": true,
      "wine_type": "Red"
    }
  }
},
{
  "model": "wineries.menuitem",
  "pk": "30d6862d-20f2-4f72-b589-c55541ca1a76",
  "fields": {
    "created_at": "2026-03-21T22:01:32.998Z",
    "updated_at": "2026-03-21T22:01:32.998Z",
    "is_active": true,
    "place": "c29bc582-0fc8-4d1b-b7f0-f4e4f3beee9e",
    "name": "Happy Endings",
    "varietal": "White Blend",
    "vintage": null,
    "description": "Masterful blend of three vintages of Traminette and Vidal Blanc wines sweetened using ancient German Süßreserve technique. Delicately sweet, vibrant wine with classic winemaking traditions.",
    "price": "20.00",
    "image_url": "https://storage.googleapis.com/cdn.vinoshipper.com/wine/146623/3489075c-e2e8-422f-9b7d-8dae2c384551.jpg",
    "pinecone_vector_id": "",
    "metadata": {
      "scraped": true,
      "wine_type": "White"
    }
  }
},
{
  "model": "wineries.menuitem",
  "pk": "34b4a5bf-1152-450a-a02f-5192dcd2a23e",
  "fields": {
    "created_at": "2026-03-21T21:35:45.055Z",
    "updated_at": "2026-03-21T21:35:45.055Z",
    "is_active": true,
    "place": "4b1ff0d9-c96a-46ed-ac0f-30b5427b3756",
    "name": "2023 Petit Manseng",
    "varietal": "Petit Manseng",
    "vintage": 2023,
    "description": "The signature white varietal of Parker-Binns opens with powerful aromas of ripe orange, mango, brioche, and granite. The full body, crisp acidity, and round finish bring hints of pineapple, cantaloupe and cobbler to life on the palate.",
    "price": "32.00",
    "image_url": "https://storage.googleapis.com/cdn.vinoshipper.com/wine/21356/5acdeffc-d684-4a87-af13-bbeabd66947c.jpg",
    "pinecone_vector_id": "",
    "metadata": {
      "scraped": true,
      "wine_type": "White"
    }
  }
},
{
  "model": "wineries.menuitem",
  "pk": "387d1638-59b1-46d9-a459-5445fa58fa90",
  "fields": {
    "created_at": "2026-03-22T03:04:17.846Z",
    "updated_at": "2026-03-22T03:04:17.846Z",
    "is_active": true,
    "place": "9165f533-5986-4ede-8380-236e9750cab5",
    "name": "Lenoir",
    "varietal": "Lenoir",
    "vintage": null,
    "description": "Uniquely South Carolinian grape variety provided by a local grower.",
    "price": null,
    "image_url": "",
    "pinecone_vector_id": "",
    "metadata": {
      "scraped": true,
      "wine_type": "Red"
    }
  }
},
{
  "model": "wineries.menuitem",
  "pk": "3afbe60d-0360-4e53-87fc-ba68d43b5ee9",
  "fields": {
    "created_at": "2026-03-22T01:35:22.961Z",
    "updated_at": "2026-03-22T01:35:22.961Z",
    "is_active": true,
    "place": "3bc32238-96c5-4f7b-8901-405e9fba6c24",
    "name": "Hoppy Hour Amber",
    "varietal": "Red Ale - American Amber",
    "vintage": null,
    "description": "ABV: 5.3%",
    "price": null,
    "image_url": "https://labels.untappd.com/706648?size=hd",
    "pinecone_vector_id": "",
    "metadata": {
      "scraped": true,
      "wine_type": "Ale"
    }
  }
},
{
  "model": "wineries.menuitem",
  "pk": "3bb555e3-d285-4b39-a1c2-ef50dd25277f",
  "fields": {
    "created_at": "2026-03-21T22:01:33.006Z",
    "updated_at": "2026-03-21T22:01:33.006Z",
    "is_active": true,
    "place": "c29bc582-0fc8-4d1b-b7f0-f4e4f3beee9e",
    "name": "RARA SISBOOMBAH 7th Edition",
    "varietal": "Red Blend",
    "vintage": null,
    "description": "Bold and harmonious symphony showcasing Petit Verdot, Cabernet Sauvignon, Sagrantino, and Chambourcin. Deep garnet with aromas of wild blackberry, black cherry compote, dried sage, and violet petals.",
    "price": "60.00",
    "image_url": "https://storage.googleapis.com/cdn.vinoshipper.com/wine/d17a5b19-041c-4acb-b378-c25f9d8c1e68.jpg",
    "pinecone_vector_id": "",
    "metadata": {
      "scraped": true,
      "wine_type": "Red"
    }
  }
},
{
  "model": "wineries.menuitem",
  "pk": "3c23d2e5-b02c-4e62-8991-c84422709755",
  "fields": {
    "created_at": "2026-03-21T21:35:45.072Z",
    "updated_at": "2026-03-21T21:35:45.072Z",
    "is_active": true,
    "place": "4b1ff0d9-c96a-46ed-ac0f-30b5427b3756",
    "name": "2022 Dessert Petit Manseng",
    "varietal": "Petit Manseng",
    "vintage": 2022,
    "description": "This split-ferment of oak and stainless steel features profound aromas of vanilla, baking spice, ginseng, honey, and ripe tropical fruits. Segway to flavors that remind us of grilled, spiced pineapple consistent with Brazilian steakhouses around the world.",
    "price": "22.00",
    "image_url": "https://storage.googleapis.com/cdn.vinoshipper.com/wine/a322ad46-da8a-4930-8899-37b2a1f631fe.jpg",
    "pinecone_vector_id": "",
    "metadata": {
      "scraped": true,
      "wine_type": "White"
    }
  }
},
{
  "model": "wineries.menuitem",
  "pk": "3e4fae1d-3b1f-4acd-8e80-5fdcf691ee74",
  "fields": {
    "created_at": "2026-03-20T22:43:57.888Z",
    "updated_at": "2026-03-20T22:43:57.888Z",
    "is_active": true,
    "place": "6576fac2-24cd-4cc3-99a4-411fadf95da8",
    "name": "2024 Petit Verdot",
    "varietal": "Petit Verdot",
    "vintage": 2024,
    "description": "This complex Petit Verdot presents its dark complexion with notes of plums, blackberries, blueberries, and toasted oak. Rich and sumptuous with a medium to full body, this wine is layered with flavors of dark fruit, minerals, slate, spices, and caramel.",
    "price": "59.00",
    "image_url": "https://img-production-vinoshipper.s3.amazonaws.com/winery/4844/f596f03f-24cd-40d3-8603-004656ee41ef.jpg",
    "pinecone_vector_id": "",
    "metadata": {
      "scraped": true,
      "wine_type": "Red"
    }
  }
},
{
  "model": "wineries.menuitem",
  "pk": "406e1f97-ab2a-4988-8dad-9f54b58185e7",
  "fields": {
    "created_at": "2026-03-21T22:01:32.948Z",
    "updated_at": "2026-03-21T22:01:32.948Z",
    "is_active": true,
    "place": "c29bc582-0fc8-4d1b-b7f0-f4e4f3beee9e",
    "name": "Sweet Vermouth",
    "varietal": "Red Blend",
    "vintage": null,
    "description": "A proprietary blend specifically for Cuvee Premier Club Members. Boasts aromas of blueberry pie, blackberry and dark cherry with spice and chocolate.",
    "price": "27.00",
    "image_url": "https://storage.googleapis.com/cdn.vinoshipper.com/wine/52364/a2210cde-36b6-490b-b3b7-eb5e4cbf6328.jpg",
    "pinecone_vector_id": "",
    "metadata": {
      "scraped": true,
      "wine_type": "Red"
    }
  }
},
{
  "model": "wineries.menuitem",
  "pk": "40811faf-3d9e-4725-8b1a-0ce7c17a41d2",
  "fields": {
    "created_at": "2026-03-21T21:59:12.592Z",
    "updated_at": "2026-03-21T21:59:12.593Z",
    "is_active": true,
    "place": "c29bc582-0fc8-4d1b-b7f0-f4e4f3beee9e",
    "name": "2023 Merlot",
    "varietal": "Merlot",
    "vintage": 2023,
    "description": "Elegant expression of a colder climate Merlot with enchanting aromas of baked plum and berries, cracked pepper, and spice. The palate is lavished with cooked red fruit and hints of baked plum pie.",
    "price": "52.00",
    "image_url": "https://storage.googleapis.com/cdn.vinoshipper.com/wine/142225/dc3e9354-26bc-480d-94c5-788fee6a1ba8.jpg",
    "pinecone_vector_id": "",
    "metadata": {
      "scraped": true,
      "wine_type": "Red"
    }
  }
},
{
  "model": "wineries.menuitem",
  "pk": "469bc010-dfd6-4d11-a0e6-09f14cd3e638",
  "fields": {
    "created_at": "2026-03-21T22:01:33.019Z",
    "updated_at": "2026-03-21T22:01:33.019Z",
    "is_active": true,
    "place": "c29bc582-0fc8-4d1b-b7f0-f4e4f3beee9e",
    "name": "2023 Cuvee Selection",
    "varietal": "Red Blend",
    "vintage": 2023,
    "description": "Represents the very best the winery has to offer. Wafts of pomegranate, blueberry preserves, and ripe cherry with dark fruit, mineral, caramel and baking spice.",
    "price": "74.00",
    "image_url": "https://img-production-vinoshipper.s3.amazonaws.com/winery/1134/a633b29d-ba05-468b-be8a-4126ad7e9b9c.jpg",
    "pinecone_vector_id": "",
    "metadata": {
      "scraped": true,
      "wine_type": "Red"
    }
  }
},
{
  "model": "wineries.menuitem",
  "pk": "48adbfb4-1be9-4b83-91cc-02c727d39ee5",
  "fields": {
    "created_at": "2026-03-21T22:01:32.953Z",
    "updated_at": "2026-03-21T22:01:32.953Z",
    "is_active": true,
    "place": "c29bc582-0fc8-4d1b-b7f0-f4e4f3beee9e",
    "name": "2022 Cabernet Sauvignon",
    "varietal": "Cabernet Sauvignon",
    "vintage": 2022,
    "description": "Complex and rich cooler climate Cabernet Sauvignon with enticing aromas of plum, dark cherry, and bramble fruit with baking spice, caramel, and violets.",
    "price": "75.00",
    "image_url": "https://storage.googleapis.com/cdn.vinoshipper.com/wine/107923/cf3383e7-d7f9-48d8-89c3-cb0ae37d3eec.jpg",
    "pinecone_vector_id": "",
    "metadata": {
      "scraped": true,
      "wine_type": "Red"
    }
  }
},
{
  "model": "wineries.menuitem",
  "pk": "4c3ca4f0-cb4a-4bf0-91d6-02d438ec8c3e",
  "fields": {
    "created_at": "2026-03-20T22:43:57.855Z",
    "updated_at": "2026-03-20T22:43:57.855Z",
    "is_active": true,
    "place": "6576fac2-24cd-4cc3-99a4-411fadf95da8",
    "name": "O.H.W.",
    "varietal": "Blueberry",
    "vintage": null,
    "description": "This blueberry wine is rich, velvety and delicious. Notes of blueberry pie, baking spice, and shaved dark chocolate entice the palate for what follows. The palate is soft and supple with notes of blueberry compote, vanilla and spice.",
    "price": "39.00",
    "image_url": "https://storage.googleapis.com/cdn.vinoshipper.com/wine/aa8d9ccb-aea2-446c-af8d-c85f0acdea25.jpg",
    "pinecone_vector_id": "",
    "metadata": {
      "scraped": true,
      "wine_type": "Other"
    }
  }
},
{
  "model": "wineries.menuitem",
  "pk": "4d18a93c-055d-4a61-8d92-6e80464ede44",
  "fields": {
    "created_at": "2026-03-21T22:01:33.037Z",
    "updated_at": "2026-03-21T22:01:33.037Z",
    "is_active": true,
    "place": "c29bc582-0fc8-4d1b-b7f0-f4e4f3beee9e",
    "name": "2025 Pink",
    "varietal": "Rosé",
    "vintage": 2025,
    "description": "Crisp and elegant Rosé wine layered with enticing aromas of ripe strawberry and melon.",
    "price": null,
    "image_url": "https://storage.googleapis.com/cdn.vinoshipper.com/wine/141896/1acd6ad2-98df-474a-a248-063629b3448e.jpg",
    "pinecone_vector_id": "",
    "metadata": {
      "scraped": true,
      "wine_type": "Rosé"
    }
  }
},
{
  "model": "wineries.menuitem",
  "pk": "505d4e68-da4b-4adb-88b1-182cb0cd34c3",
  "fields": {
    "created_at": "2026-03-21T21:59:12.588Z",
    "updated_at": "2026-03-21T21:59:12.589Z",
    "is_active": true,
    "place": "c29bc582-0fc8-4d1b-b7f0-f4e4f3beee9e",
    "name": "2023 Golden Hallows Reserve",
    "varietal": "Vidal Blanc",
    "vintage": 2023,
    "description": "Fermented in French and American oak barrels for eleven months. Generous aromas of cooked pineapple, pear, toast, and minerals with lemon filling, stone fruit, citrus zest, and a hint of flint and nutmeg.",
    "price": "45.00",
    "image_url": "https://storage.googleapis.com/cdn.vinoshipper.com/wine/137700/81e991fa-01c1-4458-ae52-e5db2be6d89a.jpg",
    "pinecone_vector_id": "",
    "metadata": {
      "scraped": true,
      "wine_type": "White"
    }
  }
},
{
  "model": "wineries.menuitem",
  "pk": "519a31e7-5f04-4f7d-8d56-4939a3e85394",
  "fields": {
    "created_at": "2026-03-22T18:09:26.095Z",
    "updated_at": "2026-03-22T18:09:26.095Z",
    "is_active": true,
    "place": "78330069-2013-413b-b130-6c2de9e950b4",
    "name": "SUNRISE Sparkling Riesling",
    "varietal": "Riesling",
    "vintage": null,
    "description": "Refreshing mountain grown sparkling wine",
    "price": null,
    "image_url": "https://pointlookoutvineyards.com/wp-content/uploads/2024/02/SUNRISE-Sparking-500x286.jpg",
    "pinecone_vector_id": "",
    "metadata": {
      "scraped": true,
      "wine_type": "Sparkling"
    }
  }
},
{
  "model": "wineries.menuitem",
  "pk": "540f2c24-857d-4440-9f37-2cd88e542473",
  "fields": {
    "created_at": "2026-03-20T22:43:57.842Z",
    "updated_at": "2026-03-20T22:43:57.843Z",
    "is_active": true,
    "place": "6576fac2-24cd-4cc3-99a4-411fadf95da8",
    "name": "Elevage Blanc",
    "varietal": "White Blend",
    "vintage": null,
    "description": "Indulge in our exquisite white blend, where the essence of crushed stone, steel, and fresh pear intertwines with hints of pineapple. On the palate, experience a tantalizing burst of juiciness and vibrancy, accentuated by flavors of white fruit with a subtle touch of lychee.",
    "price": "27.00",
    "image_url": "https://storage.googleapis.com/cdn.vinoshipper.com/wine/131346/6655ef9d-4202-48aa-b841-a8a3d1b1faf5.jpg",
    "pinecone_vector_id": "",
    "metadata": {
      "scraped": true,
      "wine_type": "White"
    }
  }
},
{
  "model": "wineries.menuitem",
  "pk": "542b4938-1ea4-4390-a95f-dbf5a1fca035",
  "fields": {
    "created_at": "2026-03-22T17:55:44.706Z",
    "updated_at": "2026-03-22T17:55:44.706Z",
    "is_active": true,
    "place": "1093aa72-7007-4919-b075-14aef52d5d13",
    "name": "Slut Dog Sin",
    "varietal": "Red Blend",
    "vintage": null,
    "description": "Bursts of flavorful fruit to the palate make this wine truly sinful. This delightful yet healthy wine is loaded with flavors of Raspberries and Acai berries.",
    "price": "20.00",
    "image_url": "https://storage.googleapis.com/cdn.vinoshipper.com/wine/43232/cf30335f-02c4-40c0-90aa-98961027a523.jpg",
    "pinecone_vector_id": "",
    "metadata": {
      "scraped": true,
      "wine_type": "Red"
    }
  }
},
{
  "model": "wineries.menuitem",
  "pk": "5507988b-1ae2-4e8c-b63f-74bd7b7bfe21",
  "fields": {
    "created_at": "2026-03-22T03:04:17.859Z",
    "updated_at": "2026-03-22T03:04:17.859Z",
    "is_active": true,
    "place": "9165f533-5986-4ede-8380-236e9750cab5",
    "name": "Strawberry Wine",
    "varietal": "Strawberry",
    "vintage": null,
    "description": "Fruit wine made from strawberries supplied by farmers in Marietta, Greer, Chesnee, and Gaffney.",
    "price": null,
    "image_url": "",
    "pinecone_vector_id": "",
    "metadata": {
      "scraped": true,
      "wine_type": "Other"
    }
  }
},
{
  "model": "wineries.menuitem",
  "pk": "567f6585-fdc6-4df1-9fb5-4d9c642742ab",
  "fields": {
    "created_at": "2026-03-22T19:05:50.670Z",
    "updated_at": "2026-03-22T19:05:50.670Z",
    "is_active": true,
    "place": "8e61f92d-8d91-447a-b425-b3bbf0138a53",
    "name": "2023 Artista Rosé",
    "varietal": "Barbera",
    "vintage": 2023,
    "description": "A fruit forward Barbera Rosé with a full body and dry finish.",
    "price": "30.00",
    "image_url": "",
    "pinecone_vector_id": "",
    "metadata": {
      "scraped": true,
      "wine_type": "Rosé"
    }
  }
},
{
  "model": "wineries.menuitem",
  "pk": "577078d6-84ed-43ef-b1b7-3451624de740",
  "fields": {
    "created_at": "2026-03-21T21:35:45.078Z",
    "updated_at": "2026-03-21T21:35:45.078Z",
    "is_active": true,
    "place": "4b1ff0d9-c96a-46ed-ac0f-30b5427b3756",
    "name": "2023 Loco Lulu Red",
    "varietal": "Red Blend",
    "vintage": 2023,
    "description": "A bright, ruby color wine with distinct aromas of cranberry, fresh red berries, and a hint of spice. A smooth, soft, mouthfeel features softer, refined tannins and a balanced acidity that brightens the intense and inviting red fruit character.",
    "price": "23.00",
    "image_url": "https://storage.googleapis.com/cdn.vinoshipper.com/wine/34393/e69e67d3-456a-497d-8f42-6e452c1fdb69.jpg",
    "pinecone_vector_id": "",
    "metadata": {
      "scraped": true,
      "wine_type": "Red"
    }
  }
},
{
  "model": "wineries.menuitem",
  "pk": "57b88430-88a6-4574-ab06-ad9196a75694",
  "fields": {
    "created_at": "2026-03-22T17:55:44.738Z",
    "updated_at": "2026-03-22T17:55:44.738Z",
    "is_active": true,
    "place": "1093aa72-7007-4919-b075-14aef52d5d13",
    "name": "2022 Roaring River Red",
    "varietal": "Red Blend",
    "vintage": 2022,
    "description": "Subtle earthy notes of this Merlot are balanced with youthful tannins and bright acidity integrated thoroughly to its finish. Mild spice notes of black peppercorn and dried herbs complement and meld with nuanced oak and fruit flavors of red current and red plum.",
    "price": "29.00",
    "image_url": "https://storage.googleapis.com/cdn.vinoshipper.com/wine/43260/a46f7aef-6ea3-4891-98fb-03b086aeac56.jpg",
    "pinecone_vector_id": "",
    "metadata": {
      "scraped": true,
      "wine_type": "Red"
    }
  }
},
{
  "model": "wineries.menuitem",
  "pk": "59345f9d-9873-41f4-acb3-2e245ede3dc6",
  "fields": {
    "created_at": "2026-03-22T17:55:44.731Z",
    "updated_at": "2026-03-22T17:55:44.731Z",
    "is_active": true,
    "place": "1093aa72-7007-4919-b075-14aef52d5d13",
    "name": "Spiker Dude",
    "varietal": "Pinot Gris/Grigio",
    "vintage": null,
    "description": "Fresh and zesty with a \"Spike\" of lime notes and is perfectly balanced with the subtle flavors of coconut and citrus. The perfect wine for summer refreshment!",
    "price": "20.00",
    "image_url": "https://storage.googleapis.com/cdn.vinoshipper.com/wine/43251/bc24673c-6772-4d82-8274-b8632832ff5c.jpg",
    "pinecone_vector_id": "",
    "metadata": {
      "scraped": true,
      "wine_type": "White"
    }
  }
},
{
  "model": "wineries.menuitem",
  "pk": "598ae250-4f14-46d4-bbbe-f8fec67bb1e1",
  "fields": {
    "created_at": "2026-03-22T17:55:44.723Z",
    "updated_at": "2026-03-22T17:55:44.723Z",
    "is_active": true,
    "place": "1093aa72-7007-4919-b075-14aef52d5d13",
    "name": "Peachie Keen",
    "varietal": "Chardonnay",
    "vintage": null,
    "description": "Crisp, refreshing and luscious! Bursting with flavors of ripe juicy peaches, this delicious wine will have your taste buds feeling \"Peachie Keen.\"",
    "price": "20.00",
    "image_url": "https://storage.googleapis.com/cdn.vinoshipper.com/wine/43242/7fc61747-9b20-47bf-ac41-de9b17be0d2e.jpg",
    "pinecone_vector_id": "",
    "metadata": {
      "scraped": true,
      "wine_type": "White"
    }
  }
},
{
  "model": "wineries.menuitem",
  "pk": "5d9a8239-8391-42ab-b25d-e21720dfa2ef",
  "fields": {
    "created_at": "2026-03-22T03:14:46.067Z",
    "updated_at": "2026-03-22T03:14:46.067Z",
    "is_active": true,
    "place": "dbd2d95a-c5f6-4767-a70f-517fff4c72cf",
    "name": "2022 Silhouette",
    "varietal": "Red Blend",
    "vintage": 2022,
    "description": "Deep violet in color with aromas of dark fruit, vanilla, and cinnamon stick. Flavors of plum, Bing cherry, and balanced oak notes with smooth tannins.",
    "price": "28.00",
    "image_url": "https://storage.googleapis.com/cdn.vinoshipper.com/wine/bd259d56-e51f-404f-af53-b004a7e59379.jpg",
    "pinecone_vector_id": "",
    "metadata": {
      "scraped": true,
      "wine_type": "Red"
    }
  }
},
{
  "model": "wineries.menuitem",
  "pk": "5fa2bcae-635b-4659-9154-a8a3c2e8c1db",
  "fields": {
    "created_at": "2026-03-22T17:55:44.735Z",
    "updated_at": "2026-03-22T17:55:44.735Z",
    "is_active": true,
    "place": "1093aa72-7007-4919-b075-14aef52d5d13",
    "name": "2022 Cordeaux",
    "varietal": "Red Blend",
    "vintage": 2022,
    "description": "Tannic and Dark. Meant for Aging. This deeply colored red grape blend contains Petit Verdot, Tannat, and Merlot with high levels of antioxidants.",
    "price": "29.00",
    "image_url": "https://storage.googleapis.com/cdn.vinoshipper.com/wine/43256/e79a1563-514a-47ca-86e0-f0a32e682358.jpg",
    "pinecone_vector_id": "",
    "metadata": {
      "scraped": true,
      "wine_type": "Red"
    }
  }
},
{
  "model": "wineries.menuitem",
  "pk": "613cea87-0827-4b42-af33-7fe59f57035c",
  "fields": {
    "created_at": "2026-03-21T21:59:12.609Z",
    "updated_at": "2026-03-21T21:59:12.609Z",
    "is_active": true,
    "place": "c29bc582-0fc8-4d1b-b7f0-f4e4f3beee9e",
    "name": "2023 Pilot Shadow",
    "varietal": "Red Blend",
    "vintage": 2023,
    "description": "Extraordinary red wine with deep aromas of ripe berry compote entwined with notes of leather and spice. The palate is a sumptuous tapestry of velvety red fruits, mocha, and vanilla.",
    "price": "69.00",
    "image_url": "https://storage.googleapis.com/cdn.vinoshipper.com/wine/154264/437e700b-619d-42b8-ab54-6c86edac52f1.jpg",
    "pinecone_vector_id": "",
    "metadata": {
      "scraped": true,
      "wine_type": "Red"
    }
  }
},
{
  "model": "wineries.menuitem",
  "pk": "6515e6ce-b4fa-4924-abba-dacd3e7e245c",
  "fields": {
    "created_at": "2026-03-22T03:14:46.038Z",
    "updated_at": "2026-03-22T03:14:46.038Z",
    "is_active": true,
    "place": "dbd2d95a-c5f6-4767-a70f-517fff4c72cf",
    "name": "2022 Pinot Grigio",
    "varietal": "Pinot Grigio",
    "vintage": 2022,
    "description": "Mild floral aromas combined with lime and a hint of almond. On the palate are flavors of nectarine, pear, and Meyer lemon with brilliant acidity.",
    "price": "22.00",
    "image_url": "https://storage.googleapis.com/cdn.vinoshipper.com/wine/110441/9d2156b9-316e-4914-aa58-aea08fad85ee.jpg",
    "pinecone_vector_id": "",
    "metadata": {
      "scraped": true,
      "wine_type": "White"
    }
  }
},
{
  "model": "wineries.menuitem",
  "pk": "677dda94-6568-4240-9d25-16177fd7c9c3",
  "fields": {
    "created_at": "2026-03-22T03:04:17.849Z",
    "updated_at": "2026-03-22T03:04:17.849Z",
    "is_active": true,
    "place": "9165f533-5986-4ede-8380-236e9750cab5",
    "name": "USC-Davis Cabernet Style",
    "varietal": "Cabernet Sauvignon",
    "vintage": null,
    "description": "Specially-bred USC-Davis vines similar to Cabernet Sauvignon, exclusively provided by an upstate grower.",
    "price": null,
    "image_url": "",
    "pinecone_vector_id": "",
    "metadata": {
      "scraped": true,
      "wine_type": "Red"
    }
  }
},
{
  "model": "wineries.menuitem",
  "pk": "68551fee-30e6-4519-874e-4dcb61fa4675",
  "fields": {
    "created_at": "2026-03-21T22:01:32.958Z",
    "updated_at": "2026-03-21T22:01:32.958Z",
    "is_active": true,
    "place": "c29bc582-0fc8-4d1b-b7f0-f4e4f3beee9e",
    "name": "2022 Devil's Hill",
    "varietal": "Red Blend",
    "vintage": 2022,
    "description": "From a devilishly difficult hillside at 1024 feet above sea level. Rustic quality with aromatics of dark cherry, shortbread cookie, spice, forest floor, crushed stone, and dark chocolate.",
    "price": "74.00",
    "image_url": "https://storage.googleapis.com/cdn.vinoshipper.com/wine/107924/9c6ee8c0-7e04-4701-aa5e-c28b796e0286.jpg",
    "pinecone_vector_id": "",
    "metadata": {
      "scraped": true,
      "wine_type": "Red"
    }
  }
},
{
  "model": "wineries.menuitem",
  "pk": "6c1181d1-d4a6-4e3f-9541-639fd0b3a99c",
  "fields": {
    "created_at": "2026-03-22T03:14:46.079Z",
    "updated_at": "2026-03-22T03:14:46.079Z",
    "is_active": true,
    "place": "dbd2d95a-c5f6-4767-a70f-517fff4c72cf",
    "name": "2024 Bourbon Barrel Aged Cabernet Sauvignon",
    "varietal": "Cabernet Sauvignon",
    "vintage": 2024,
    "description": "Aged in French oak then finished in freshly used bourbon barrels for 8 weeks. Notes of cherry pie filling, baking spices, and charred toffee.",
    "price": "32.00",
    "image_url": "https://img-production-vinoshipper.s3.amazonaws.com/winery/2107/1a193c8d-2e24-4130-90ad-0f6c7d5173e3.jpg",
    "pinecone_vector_id": "",
    "metadata": {
      "scraped": true,
      "wine_type": "Red"
    }
  }
},
{
  "model": "wineries.menuitem",
  "pk": "6d4ca7c3-17ba-4106-b7e0-daad1c731710",
  "fields": {
    "created_at": "2026-03-21T21:59:12.613Z",
    "updated_at": "2026-03-21T21:59:12.613Z",
    "is_active": true,
    "place": "c29bc582-0fc8-4d1b-b7f0-f4e4f3beee9e",
    "name": "RARA SISBOOMBAH 7th Edition",
    "varietal": "Red Blend",
    "vintage": null,
    "description": "Bold and harmonious symphony showcasing Petit Verdot, Cabernet Sauvignon, Sagrantino, and Chambourcin. Deep garnet hue with seductive aromas of wild blackberry, black cherry compote, dried sage, and violet petals.",
    "price": "60.00",
    "image_url": "https://storage.googleapis.com/cdn.vinoshipper.com/wine/d17a5b19-041c-4acb-b378-c25f9d8c1e68.jpg",
    "pinecone_vector_id": "",
    "metadata": {
      "scraped": true,
      "wine_type": "Red"
    }
  }
},
{
  "model": "wineries.menuitem",
  "pk": "6eb2b0ff-13d7-4f62-bde4-6dc1d01fccab",
  "fields": {
    "created_at": "2026-03-22T01:35:22.978Z",
    "updated_at": "2026-03-22T01:35:22.978Z",
    "is_active": true,
    "place": "3bc32238-96c5-4f7b-8901-405e9fba6c24",
    "name": "Cardinal Cin",
    "varietal": "Cider - Traditional",
    "vintage": null,
    "description": "You've been naughty this year. Cardinal Cin is a semi-sweet cinnamon infused cider with amazing cherry and cinnamon aroma. The bull is delivering one penance you can enjoy with gluttony! (ABV: 6.0%)",
    "price": null,
    "image_url": "https://labels.untappd.com/909295?size=hd",
    "pinecone_vector_id": "",
    "metadata": {
      "scraped": true,
      "wine_type": "Ale"
    }
  }
},
{
  "model": "wineries.menuitem",
  "pk": "6f7a200e-e569-4a68-9c10-61923be3a83b",
  "fields": {
    "created_at": "2026-03-21T22:01:33.002Z",
    "updated_at": "2026-03-21T22:01:33.002Z",
    "is_active": true,
    "place": "c29bc582-0fc8-4d1b-b7f0-f4e4f3beee9e",
    "name": "2023 Pilot Shadow",
    "varietal": "Red Blend",
    "vintage": 2023,
    "description": "Extraordinary red wine with deep aromas of ripe berry compote with leather and spice. Sumptuous tapestry of velvety red fruits, mocha, and vanilla with herbal essence.",
    "price": "69.00",
    "image_url": "https://storage.googleapis.com/cdn.vinoshipper.com/wine/154264/437e700b-619d-42b8-ab54-6c86edac52f1.jpg",
    "pinecone_vector_id": "",
    "metadata": {
      "scraped": true,
      "wine_type": "Red"
    }
  }
},
{
  "model": "wineries.menuitem",
  "pk": "7004bfa9-c563-4d28-b2eb-831e9bc53c5a",
  "fields": {
    "created_at": "2026-03-21T21:35:45.052Z",
    "updated_at": "2026-03-21T21:35:45.052Z",
    "is_active": true,
    "place": "4b1ff0d9-c96a-46ed-ac0f-30b5427b3756",
    "name": "2022 Cabernet Franc",
    "varietal": "Cabernet Franc",
    "vintage": 2022,
    "description": "Pouring a vibrant ruby in the glass, this Cabernet Franc shows true varietal aromas of rose petal and graphite, followed by a touch of oak. Framed with fresh acidity and bright red fruit, this elegant wine pairs well with a cool Autumn afternoon.",
    "price": "25.00",
    "image_url": "https://storage.googleapis.com/cdn.vinoshipper.com/wine/21349/e4d7b5c6-5088-4694-b152-70539c3f99eb.jpg",
    "pinecone_vector_id": "",
    "metadata": {
      "scraped": true,
      "wine_type": "Red"
    }
  }
},
{
  "model": "wineries.menuitem",
  "pk": "739a7aac-2f58-45e5-a056-8f28965ebe82",
  "fields": {
    "created_at": "2026-03-21T21:35:45.048Z",
    "updated_at": "2026-03-21T21:35:45.048Z",
    "is_active": true,
    "place": "4b1ff0d9-c96a-46ed-ac0f-30b5427b3756",
    "name": "2022 Merlot",
    "varietal": "Merlot",
    "vintage": 2022,
    "description": "A blend of 3 vintages of Merlot from our estate. Medium core and garnet to show some youth, this wine opens with notes of dried herbs, red licorice and ripe plum. On first sip, you find this to be a very round, full bodied wine that has cherry, baking spice, and cola all along the finish.",
    "price": "28.00",
    "image_url": "https://storage.googleapis.com/cdn.vinoshipper.com/wine/21344/5a82df04-d907-4914-a5c3-592d4b035f08.jpg",
    "pinecone_vector_id": "",
    "metadata": {
      "scraped": true,
      "wine_type": "Red"
    }
  }
},
{
  "model": "wineries.menuitem",
  "pk": "7560eddd-c948-4add-85e1-7e02b797faea",
  "fields": {
    "created_at": "2026-03-20T22:43:57.884Z",
    "updated_at": "2026-03-20T22:43:57.884Z",
    "is_active": true,
    "place": "6576fac2-24cd-4cc3-99a4-411fadf95da8",
    "name": "2024 Chardonnay",
    "varietal": "Chardonnay",
    "vintage": 2024,
    "description": "Indulge in the rich flavors of our barrel-aged Chardonnay, meticulously crafted from grapes nurtured in the North Carolina sun. With captivating aromas of stone fruit and citrus framed by toasted oak and roasted nuts this wine offers a velvety mouthfeel, a juicy palate and a lingering finish.",
    "price": "42.00",
    "image_url": "https://img-production-vinoshipper.s3.amazonaws.com/winery/4844/fd915e98-7548-483d-a598-4be6d9930f88.jpg",
    "pinecone_vector_id": "",
    "metadata": {
      "scraped": true,
      "wine_type": "White"
    }
  }
},
{
  "model": "wineries.menuitem",
  "pk": "7b9b64bf-bc95-486a-8258-d82c393f78cf",
  "fields": {
    "created_at": "2026-03-21T21:59:12.600Z",
    "updated_at": "2026-03-21T21:59:12.600Z",
    "is_active": true,
    "place": "c29bc582-0fc8-4d1b-b7f0-f4e4f3beee9e",
    "name": "2024 Twinkles",
    "varietal": "Rosé",
    "vintage": 2024,
    "description": "Crisp well-balanced sparkling wine layered with vibrant aromas of white peach, clementine peel, white flowers, and citrus zest. Hints of peach skin, citrus, and crisp apple with a twinkle of citrus.",
    "price": "47.00",
    "image_url": "https://storage.googleapis.com/cdn.vinoshipper.com/wine/143566/5ad9c952-5d19-472d-8fce-a6f0bcbdca93.jpg",
    "pinecone_vector_id": "",
    "metadata": {
      "scraped": true,
      "wine_type": "Sparkling"
    }
  }
},
{
  "model": "wineries.menuitem",
  "pk": "803bc70a-579f-4ec0-991c-0caf29086ee8",
  "fields": {
    "created_at": "2026-03-22T18:04:52.942Z",
    "updated_at": "2026-03-22T18:04:52.942Z",
    "is_active": true,
    "place": "426eea5f-8895-4c3d-99ec-b88167726bde",
    "name": "Trip In The Woods Barrel-Aged Narfoot",
    "varietal": "Other",
    "vintage": null,
    "description": "",
    "price": "20.00",
    "image_url": "https://cdn.shopify.com/s/files/1/0059/1111/7922/files/Mock_NRF_4499c8ab-4a21-4529-aadd-f8b3a160d038.png?v=1771014296",
    "pinecone_vector_id": "",
    "metadata": {
      "scraped": true,
      "wine_type": "Other"
    }
  }
},
{
  "model": "wineries.menuitem",
  "pk": "804f131d-bfd7-49a7-95e2-4eb219e28f84",
  "fields": {
    "created_at": "2026-03-21T21:35:45.106Z",
    "updated_at": "2026-03-21T21:35:45.106Z",
    "is_active": true,
    "place": "4b1ff0d9-c96a-46ed-ac0f-30b5427b3756",
    "name": "Burro Bite Cider",
    "varietal": "Apple",
    "vintage": null,
    "description": "",
    "price": "24.00",
    "image_url": "https://storage.googleapis.com/cdn.vinoshipper.com/wine/9e0f2e97-e6c1-4fd3-8cf0-e44005182bf2.jpg",
    "pinecone_vector_id": "",
    "metadata": {
      "scraped": true,
      "wine_type": "Other"
    }
  }
},
{
  "model": "wineries.menuitem",
  "pk": "81156822-844d-4694-abad-d86afc327b61",
  "fields": {
    "created_at": "2026-03-22T03:04:17.837Z",
    "updated_at": "2026-03-22T03:04:17.837Z",
    "is_active": true,
    "place": "9165f533-5986-4ede-8380-236e9750cab5",
    "name": "Catawba",
    "varietal": "Catawba",
    "vintage": null,
    "description": "Native American grape variety that pairs well with the French-American hybrids in unique blends.",
    "price": null,
    "image_url": "",
    "pinecone_vector_id": "",
    "metadata": {
      "scraped": true,
      "wine_type": "White"
    }
  }
},
{
  "model": "wineries.menuitem",
  "pk": "84b01cea-70dd-49bf-9175-946a47937f02",
  "fields": {
    "created_at": "2026-03-21T21:59:12.571Z",
    "updated_at": "2026-03-21T21:59:12.571Z",
    "is_active": true,
    "place": "c29bc582-0fc8-4d1b-b7f0-f4e4f3beee9e",
    "name": "2023 JOLOTAGE",
    "varietal": "Red Blend",
    "vintage": 2023,
    "description": "Presents vibrant aromatics of bright red fruit, highlighted by pomegranate and subtle spices. Well-integrated red fruit with vibrant acidity, complemented by hints of cedar, leather, and pepper.",
    "price": "42.00",
    "image_url": "https://storage.googleapis.com/cdn.vinoshipper.com/wine/126796/e50996bd-4216-4179-a1d4-ad25ce0d1c15.jpg",
    "pinecone_vector_id": "",
    "metadata": {
      "scraped": true,
      "wine_type": "Red"
    }
  }
},
{
  "model": "wineries.menuitem",
  "pk": "857f93b0-a0ae-4af9-801d-cb0673c35cae",
  "fields": {
    "created_at": "2026-03-21T22:01:33.011Z",
    "updated_at": "2026-03-21T22:01:33.011Z",
    "is_active": true,
    "place": "c29bc582-0fc8-4d1b-b7f0-f4e4f3beee9e",
    "name": "2024 Crimson Creek",
    "varietal": "Chambourcin",
    "vintage": 2024,
    "description": "French American hybrid handcrafted in French tradition. Complex wine with enchanting notes of cherry, cranberry, pomegranate, and spice with polished tannins and elegant finish.",
    "price": "52.00",
    "image_url": "https://img-production-vinoshipper.s3.amazonaws.com/winery/1134/28fcba6e-00d6-4232-8929-e8ef003917f0.jpg",
    "pinecone_vector_id": "",
    "metadata": {
      "scraped": true,
      "wine_type": "Red"
    }
  }
},
{
  "model": "wineries.menuitem",
  "pk": "85963f00-44fc-4347-8604-43b47cc77b1a",
  "fields": {
    "created_at": "2026-03-22T03:14:46.060Z",
    "updated_at": "2026-03-22T03:14:46.060Z",
    "is_active": true,
    "place": "dbd2d95a-c5f6-4767-a70f-517fff4c72cf",
    "name": "2023 Cabernet Franc",
    "varietal": "Cabernet Franc",
    "vintage": 2023,
    "description": "An acid-driven style that's refreshing and easy to drink. Aromas of raspberries and blackberries are accented with toasted French oak and smooth tannins.",
    "price": "24.00",
    "image_url": "https://storage.googleapis.com/cdn.vinoshipper.com/wine/122063/6127b1af-1ebc-4720-ae2c-cf1fc73a8e7a.jpg",
    "pinecone_vector_id": "",
    "metadata": {
      "scraped": true,
      "wine_type": "Red"
    }
  }
},
{
  "model": "wineries.menuitem",
  "pk": "88fdeb11-c60b-477a-a45f-349f0dd4eb4a",
  "fields": {
    "created_at": "2026-03-21T21:59:12.579Z",
    "updated_at": "2026-03-21T21:59:12.579Z",
    "is_active": true,
    "place": "c29bc582-0fc8-4d1b-b7f0-f4e4f3beee9e",
    "name": "10 Year X Bottle",
    "varietal": "Red Blend",
    "vintage": null,
    "description": "10th Anniversary Red Wine Blend with deep, luscious notes of dark cherry, blackberry, licorice and baking spice. The palate is lavished with dark fruit, toasted oak and spice with velvety tannins.",
    "price": "99.00",
    "image_url": "https://storage.googleapis.com/cdn.vinoshipper.com/wine/129485/6898ffda-f460-44f2-a0e2-8b5c4bd742f1.jpg",
    "pinecone_vector_id": "",
    "metadata": {
      "scraped": true,
      "wine_type": "Red"
    }
  }
},
{
  "model": "wineries.menuitem",
  "pk": "894f8415-0964-47aa-a317-13859c005ecc",
  "fields": {
    "created_at": "2026-03-22T19:05:50.691Z",
    "updated_at": "2026-03-22T19:05:50.691Z",
    "is_active": true,
    "place": "8e61f92d-8d91-447a-b425-b3bbf0138a53",
    "name": "2023 Red Barn Blend",
    "varietal": "Blend",
    "vintage": 2023,
    "description": "This unique blend of Merlot, Syrah, and Sangiovese is rich in aromas of black currant, raspberry, and a hint of cherry. Oak, plum, and black pepper flavors are complemented by the medium body and dry finish.",
    "price": "30.00",
    "image_url": "",
    "pinecone_vector_id": "",
    "metadata": {
      "scraped": true,
      "wine_type": "Red"
    }
  }
},
{
  "model": "wineries.menuitem",
  "pk": "8a3040c2-8ad0-45f0-b56b-5b3c5d48e896",
  "fields": {
    "created_at": "2026-03-22T19:05:50.683Z",
    "updated_at": "2026-03-22T19:05:50.683Z",
    "is_active": true,
    "place": "8e61f92d-8d91-447a-b425-b3bbf0138a53",
    "name": "2021 Cabernet Franc",
    "varietal": "Cabernet Franc",
    "vintage": 2021,
    "description": "Aromas of coffee and chocolate. Flavors of blackberry and plum. Medium tannins.",
    "price": "55.00",
    "image_url": "",
    "pinecone_vector_id": "",
    "metadata": {
      "scraped": true,
      "wine_type": "Red"
    }
  }
},
{
  "model": "wineries.menuitem",
  "pk": "8b18e822-4f80-4716-8591-26d5e9b8cc81",
  "fields": {
    "created_at": "2026-03-21T21:59:12.628Z",
    "updated_at": "2026-03-21T21:59:12.628Z",
    "is_active": true,
    "place": "c29bc582-0fc8-4d1b-b7f0-f4e4f3beee9e",
    "name": "2023 Cuvee Selection",
    "varietal": "Red Blend",
    "vintage": 2023,
    "description": "Represents the very best the winery has to offer. Wafts of pomegranate, blueberry preserves, and ripe cherry with hints of dark fruit, mineral, caramel and baking spice.",
    "price": "74.00",
    "image_url": "https://img-production-vinoshipper.s3.amazonaws.com/winery/1134/a633b29d-ba05-468b-be8a-4126ad7e9b9c.jpg",
    "pinecone_vector_id": "",
    "metadata": {
      "scraped": true,
      "wine_type": "Red"
    }
  }
},
{
  "model": "wineries.menuitem",
  "pk": "8cbe9d1f-9190-49e2-853d-3b27923a25ee",
  "fields": {
    "created_at": "2026-03-21T21:59:12.566Z",
    "updated_at": "2026-03-21T21:59:12.566Z",
    "is_active": true,
    "place": "c29bc582-0fc8-4d1b-b7f0-f4e4f3beee9e",
    "name": "JOLOTAGE Reserve 4 Edition",
    "varietal": "Red Blend",
    "vintage": null,
    "description": "Fourth bottling of JOLOTAGE Reserve representing the very best blend. Slowly reveals itself with layers of red fruit, leather, iron, and tobacco with strawberry jam, herbs, and spices.",
    "price": "67.00",
    "image_url": "https://storage.googleapis.com/cdn.vinoshipper.com/wine/115302/4107e1a2-40e8-42e0-9e61-367dd98ab344.jpg",
    "pinecone_vector_id": "",
    "metadata": {
      "scraped": true,
      "wine_type": "Red"
    }
  }
},
{
  "model": "wineries.menuitem",
  "pk": "8d9869ca-9fbd-4d3f-a73d-010bf0cf59a9",
  "fields": {
    "created_at": "2026-03-20T22:43:57.860Z",
    "updated_at": "2026-03-20T22:43:57.860Z",
    "is_active": true,
    "place": "6576fac2-24cd-4cc3-99a4-411fadf95da8",
    "name": "2024 Rkatsiteli",
    "varietal": "Rkatsiteli",
    "vintage": 2024,
    "description": "This ancient grape produced an enchanting wine. The aromas of crushed stone, peach skin, and fresh apple dance with hints of honeysuckle. On the palate, experience a tantalizing burst of vibrancy, accentuated by flavors of stone fruit with a subtle touch of spice.",
    "price": "29.00",
    "image_url": "https://storage.googleapis.com/cdn.vinoshipper.com/wine/143341/fbae2663-9d17-4198-8131-41a673355efd.jpg",
    "pinecone_vector_id": "",
    "metadata": {
      "scraped": true,
      "wine_type": "White"
    }
  }
},
{
  "model": "wineries.menuitem",
  "pk": "8dbe264d-8045-4f9e-8575-5e468a9b7acc",
  "fields": {
    "created_at": "2026-03-21T22:01:32.966Z",
    "updated_at": "2026-03-21T22:01:32.966Z",
    "is_active": true,
    "place": "c29bc582-0fc8-4d1b-b7f0-f4e4f3beee9e",
    "name": "JOLOTAGE Reserve 4 Edition",
    "varietal": "Red Blend",
    "vintage": null,
    "description": "Fourth bottling of JOLOTAGE Reserve with extended barrel aging and blending of different vintages. Layers of red fruit, leather, iron, and tobacco with strawberry jam, herbs, and spices.",
    "price": "67.00",
    "image_url": "https://storage.googleapis.com/cdn.vinoshipper.com/wine/115302/4107e1a2-40e8-42e0-9e61-367dd98ab344.jpg",
    "pinecone_vector_id": "",
    "metadata": {
      "scraped": true,
      "wine_type": "Red"
    }
  }
},
{
  "model": "wineries.menuitem",
  "pk": "911f5264-ca2f-476c-8267-fb7c1bb53222",
  "fields": {
    "created_at": "2026-03-21T21:59:12.575Z",
    "updated_at": "2026-03-21T21:59:12.575Z",
    "is_active": true,
    "place": "c29bc582-0fc8-4d1b-b7f0-f4e4f3beee9e",
    "name": "10 Year Vine Bottle",
    "varietal": "Red Blend",
    "vintage": null,
    "description": "10th Anniversary Red Wine Blend with deep, luscious notes of dark cherry, blackberry, licorice and baking spice. The palate is lavished with dark fruit, toasted oak and spice with velvety tannins.",
    "price": "99.00",
    "image_url": "https://storage.googleapis.com/cdn.vinoshipper.com/wine/129484/5df73aac-eda8-4127-903a-f0e98b75bbdb.jpg",
    "pinecone_vector_id": "",
    "metadata": {
      "scraped": true,
      "wine_type": "Red"
    }
  }
},
{
  "model": "wineries.menuitem",
  "pk": "914565ca-9cbd-448e-908d-44c7caa41566",
  "fields": {
    "created_at": "2026-03-22T17:55:44.743Z",
    "updated_at": "2026-03-22T17:55:44.743Z",
    "is_active": true,
    "place": "1093aa72-7007-4919-b075-14aef52d5d13",
    "name": "2022 Pick of the Litter",
    "varietal": "Red Blend",
    "vintage": 2022,
    "description": "Blend of Malbec 70% and Merlot 30%, which come together to produce a truly balanced and versatile red wine. This is a medium-bodied red which is anchored by deep tannins that complement and enhance the meaty and savory flavors.",
    "price": "30.00",
    "image_url": "https://storage.googleapis.com/cdn.vinoshipper.com/wine/43264/b04939c0-37e3-481e-b1d1-e255c99b5b58.jpg",
    "pinecone_vector_id": "",
    "metadata": {
      "scraped": true,
      "wine_type": "Red"
    }
  }
},
{
  "model": "wineries.menuitem",
  "pk": "9175de47-e897-4efd-9869-afa48c350b66",
  "fields": {
    "created_at": "2026-03-22T18:04:52.950Z",
    "updated_at": "2026-03-22T18:04:52.950Z",
    "is_active": true,
    "place": "426eea5f-8895-4c3d-99ec-b88167726bde",
    "name": "Tequila Barrel-Aged Otra Vez",
    "varietal": "Other",
    "vintage": null,
    "description": "",
    "price": "18.00",
    "image_url": "https://cdn.shopify.com/s/files/1/0059/1111/7922/files/BA_OtraVez_Mock_v2a.png?v=1758648096",
    "pinecone_vector_id": "",
    "metadata": {
      "scraped": true,
      "wine_type": "Other"
    }
  }
},
{
  "model": "wineries.menuitem",
  "pk": "926751cc-e769-45ab-9fff-b43f94e585ff",
  "fields": {
    "created_at": "2026-03-22T03:04:17.820Z",
    "updated_at": "2026-03-22T03:04:17.820Z",
    "is_active": true,
    "place": "9165f533-5986-4ede-8380-236e9750cab5",
    "name": "Traminette",
    "varietal": "Traminette",
    "vintage": null,
    "description": "French-American hybrid grape variety grown at the vineyard that thrives in the upstate climate.",
    "price": null,
    "image_url": "",
    "pinecone_vector_id": "",
    "metadata": {
      "scraped": true,
      "wine_type": "White"
    }
  }
},
{
  "model": "wineries.menuitem",
  "pk": "96a4f6b5-6994-434f-8a70-43740c090523",
  "fields": {
    "created_at": "2026-03-22T01:35:22.998Z",
    "updated_at": "2026-03-22T01:35:22.998Z",
    "is_active": true,
    "place": "3bc32238-96c5-4f7b-8901-405e9fba6c24",
    "name": "Party Kilt",
    "varietal": "Scotch Ale",
    "vintage": null,
    "description": "A rich, deeply malty Wee Heavy boasting a stunning burnt caramel hue and a silky-smooth molasses finish that lingers just long enough. Sweet, warming, and undeniably indulgent - a proper Scottish celebration in a glass. (ABV: 6.5%)",
    "price": null,
    "image_url": "https://labels.untappd.com/3672795?size=hd",
    "pinecone_vector_id": "",
    "metadata": {
      "scraped": true,
      "wine_type": "Ale"
    }
  }
},
{
  "model": "wineries.menuitem",
  "pk": "9969b8be-63a3-4e34-be35-1f1dd45afe17",
  "fields": {
    "created_at": "2026-03-21T21:59:12.619Z",
    "updated_at": "2026-03-21T21:59:12.619Z",
    "is_active": true,
    "place": "c29bc582-0fc8-4d1b-b7f0-f4e4f3beee9e",
    "name": "2024 Crimson Creek",
    "varietal": "Chambourcin",
    "vintage": 2024,
    "description": "Yadkin Valley Chambourcin with enchanting notes of cherry, cranberry, pomegranate, & spice. A juicy palate of berries, baking spice and herbs framed by polished tannins and vibrancy.",
    "price": "52.00",
    "image_url": "https://img-production-vinoshipper.s3.amazonaws.com/winery/1134/28fcba6e-00d6-4232-8929-e8ef003917f0.jpg",
    "pinecone_vector_id": "",
    "metadata": {
      "scraped": true,
      "wine_type": "Red"
    }
  }
},
{
  "model": "wineries.menuitem",
  "pk": "99e45cc0-acfe-40b8-96cb-3348fbf639ac",
  "fields": {
    "created_at": "2026-03-22T03:04:17.816Z",
    "updated_at": "2026-03-22T03:04:17.816Z",
    "is_active": true,
    "place": "9165f533-5986-4ede-8380-236e9750cab5",
    "name": "Seyval Blanc",
    "varietal": "Seyval Blanc",
    "vintage": null,
    "description": "French-American hybrid grape variety grown at the vineyard that pairs well with the upstate South Carolina terroir.",
    "price": null,
    "image_url": "",
    "pinecone_vector_id": "",
    "metadata": {
      "scraped": true,
      "wine_type": "White"
    }
  }
},
{
  "model": "wineries.menuitem",
  "pk": "99f8587d-2095-4670-9d99-69e0bd698996",
  "fields": {
    "created_at": "2026-03-22T01:35:23.003Z",
    "updated_at": "2026-03-22T01:35:23.003Z",
    "is_active": true,
    "place": "3bc32238-96c5-4f7b-8901-405e9fba6c24",
    "name": "Jack B' Bitter",
    "varietal": "IPA - American",
    "vintage": null,
    "description": "ABV: 7.0%",
    "price": null,
    "image_url": "https://labels.untappd.com/793093?size=hd",
    "pinecone_vector_id": "",
    "metadata": {
      "scraped": true,
      "wine_type": "IPA"
    }
  }
},
{
  "model": "wineries.menuitem",
  "pk": "9a2ffe73-18ea-4457-9caf-856818c8596c",
  "fields": {
    "created_at": "2026-03-21T22:01:32.943Z",
    "updated_at": "2026-03-21T22:01:32.943Z",
    "is_active": true,
    "place": "c29bc582-0fc8-4d1b-b7f0-f4e4f3beee9e",
    "name": "Sangria",
    "varietal": "Other",
    "vintage": null,
    "description": "A proprietary blend of JOLO barrel aged wine, citrus and fruit juices. Rich and complex bursting with cherry, plum, citrus and mocha enhanced by a slight fizz.",
    "price": "28.00",
    "image_url": "https://storage.googleapis.com/cdn.vinoshipper.com/wine/13970/a2d4191b-8506-488a-be5a-761d70f51a77.jpg",
    "pinecone_vector_id": "",
    "metadata": {
      "scraped": true,
      "wine_type": "Other"
    }
  }
},
{
  "model": "wineries.menuitem",
  "pk": "9b6b0698-75bc-43b2-84d1-306cda5533c0",
  "fields": {
    "created_at": "2026-03-21T21:35:45.093Z",
    "updated_at": "2026-03-21T21:35:45.093Z",
    "is_active": true,
    "place": "4b1ff0d9-c96a-46ed-ac0f-30b5427b3756",
    "name": "2022 The Watchman",
    "varietal": "Red Table Wine",
    "vintage": 2022,
    "description": "This full-bodied, flavorful wine opens with aromas of dark chocolate, dried cherry and lavender. This wine has rounded tannins with a dry finish filled with dried fruit, smoke and black pepper.",
    "price": "55.00",
    "image_url": "https://storage.googleapis.com/cdn.vinoshipper.com/wine/209c2a01-0aeb-44a5-9ff2-744066f558ce.jpg",
    "pinecone_vector_id": "",
    "metadata": {
      "scraped": true,
      "wine_type": "Red"
    }
  }
},
{
  "model": "wineries.menuitem",
  "pk": "9d6207b4-235f-4d68-9cb1-8cdb04ec26db",
  "fields": {
    "created_at": "2026-03-21T21:59:12.624Z",
    "updated_at": "2026-03-21T21:59:12.624Z",
    "is_active": true,
    "place": "c29bc582-0fc8-4d1b-b7f0-f4e4f3beee9e",
    "name": "Muddy Paws Solera 6",
    "varietal": "Red Blend",
    "vintage": null,
    "description": "Port style dessert wine made using Solera method combining vintages 2017-2023. Yields notes of fig, prune, toasted nuts, caramel & spices with rich & luxurious palate of raisins, figs & plum pie.",
    "price": "45.00",
    "image_url": "https://img-production-vinoshipper.s3.amazonaws.com/winery/1134/9be7b592-a4ae-4c70-94c4-d4c6cbf09727.jpg",
    "pinecone_vector_id": "",
    "metadata": {
      "scraped": true,
      "wine_type": "Red"
    }
  }
},
{
  "model": "wineries.menuitem",
  "pk": "a3ec9eb6-ce8f-48c5-83e3-917fbfefc0e5",
  "fields": {
    "created_at": "2026-03-21T21:35:45.061Z",
    "updated_at": "2026-03-21T21:35:45.062Z",
    "is_active": true,
    "place": "4b1ff0d9-c96a-46ed-ac0f-30b5427b3756",
    "name": "2024 Rosé",
    "varietal": "Merlot",
    "vintage": 2024,
    "description": "The free run juice of our combined red grapes takes this pale Provencal style Rose to an elevated level. Dry, crisp acidity with harmonious notes of strawberry, kiwi, and honeydew melon, fresh as a Summer day!!",
    "price": "30.00",
    "image_url": "https://storage.googleapis.com/cdn.vinoshipper.com/wine/26197/ea4606fb-c44c-4eaa-9072-2c8537adab2d.jpg",
    "pinecone_vector_id": "",
    "metadata": {
      "scraped": true,
      "wine_type": "Rosé"
    }
  }
},
{
  "model": "wineries.menuitem",
  "pk": "a841f92b-571f-45f1-9bfd-9492f56bb3f6",
  "fields": {
    "created_at": "2026-03-21T21:35:45.066Z",
    "updated_at": "2026-03-21T21:35:45.066Z",
    "is_active": true,
    "place": "4b1ff0d9-c96a-46ed-ac0f-30b5427b3756",
    "name": "2023 Pea Ridge Red",
    "varietal": "Bordeaux",
    "vintage": 2023,
    "description": "Dual vintage blend of Merlot, Cabernet Sauvignon and Cabernet Franc, showing off aromas of ripe brambles and raspberry preserves with rich earthiness on the finish.",
    "price": "25.00",
    "image_url": "https://storage.googleapis.com/cdn.vinoshipper.com/wine/26198/62e88e54-26ab-4db9-bcaa-278331c35846.jpg",
    "pinecone_vector_id": "",
    "metadata": {
      "scraped": true,
      "wine_type": "Red"
    }
  }
},
{
  "model": "wineries.menuitem",
  "pk": "a8ad6165-87b8-44c4-b01c-0cf4b91a2cdd",
  "fields": {
    "created_at": "2026-03-20T22:43:57.874Z",
    "updated_at": "2026-03-20T22:43:57.874Z",
    "is_active": true,
    "place": "6576fac2-24cd-4cc3-99a4-411fadf95da8",
    "name": "Cabernet Sauvignon",
    "varietal": "Cabernet Sauvignon",
    "vintage": null,
    "description": "Our Cabernet Sauvignon captivates with enchanting aromas of ripe bramble fruit, cedar, and delicate dried rose petals. On the palate, it delivers a rich yet vibrant experience, unfolding layers of dark fruit with remarkable depth and complexity.",
    "price": "59.00",
    "image_url": "https://storage.googleapis.com/cdn.vinoshipper.com/wine/152249/92fb63b9-9cce-43a2-b493-498e5c47a726.jpg",
    "pinecone_vector_id": "",
    "metadata": {
      "scraped": true,
      "wine_type": "Red"
    }
  }
},
{
  "model": "wineries.menuitem",
  "pk": "aa48559a-bf95-4042-a6d2-a9d462ffc084",
  "fields": {
    "created_at": "2026-03-21T21:59:12.536Z",
    "updated_at": "2026-03-21T21:59:12.536Z",
    "is_active": true,
    "place": "c29bc582-0fc8-4d1b-b7f0-f4e4f3beee9e",
    "name": "Sangria",
    "varietal": "Other",
    "vintage": null,
    "description": "A proprietary blend of JOLO barrel aged wine, citrus and fruit juices. Rich and complex bursting with cherry, plum, citrus and mocha enhanced by a slight fizz.",
    "price": "28.00",
    "image_url": "https://storage.googleapis.com/cdn.vinoshipper.com/wine/13970/a2d4191b-8506-488a-be5a-761d70f51a77.jpg",
    "pinecone_vector_id": "",
    "metadata": {
      "scraped": true,
      "wine_type": "Other"
    }
  }
},
{
  "model": "wineries.menuitem",
  "pk": "ab43c708-749e-42cd-b14d-e21299a59a8b",
  "fields": {
    "created_at": "2026-03-21T21:59:12.634Z",
    "updated_at": "2026-03-21T21:59:12.634Z",
    "is_active": true,
    "place": "c29bc582-0fc8-4d1b-b7f0-f4e4f3beee9e",
    "name": "2025 Twinkles",
    "varietal": "Rosé",
    "vintage": 2025,
    "description": "Crisp, well balanced sparkling wine layered with vibrant aromas of red berries, clementine peel, white flowers and citrus zest. Hints of stone fruit, citrus and white fruit with a twinkle of citrus.",
    "price": "52.00",
    "image_url": "https://img-production-vinoshipper.s3.amazonaws.com/winery/1134/a34c7a06-c445-4b98-a0e8-d048748139b5.jpg",
    "pinecone_vector_id": "",
    "metadata": {
      "scraped": true,
      "wine_type": "Sparkling"
    }
  }
},
{
  "model": "wineries.menuitem",
  "pk": "ac3108a9-0d70-426b-be1d-c470725753ec",
  "fields": {
    "created_at": "2026-03-22T03:04:17.835Z",
    "updated_at": "2026-03-22T03:04:17.835Z",
    "is_active": true,
    "place": "9165f533-5986-4ede-8380-236e9750cab5",
    "name": "Concord",
    "varietal": "Concord",
    "vintage": null,
    "description": "Native American grape variety that pairs well with the French-American hybrids in unique blends.",
    "price": null,
    "image_url": "",
    "pinecone_vector_id": "",
    "metadata": {
      "scraped": true,
      "wine_type": "Red"
    }
  }
},
{
  "model": "wineries.menuitem",
  "pk": "b1184398-48d3-4979-9eb2-2410868e4bcb",
  "fields": {
    "created_at": "2026-03-21T21:35:45.058Z",
    "updated_at": "2026-03-21T21:35:45.058Z",
    "is_active": true,
    "place": "4b1ff0d9-c96a-46ed-ac0f-30b5427b3756",
    "name": "2023 Chardonnay",
    "varietal": "Chardonnay",
    "vintage": 2023,
    "description": "A beautiful crisp naked Chardonnay with aromas of pear and star fruit. This wine is medium bodied and full of ripe pear, pineapple and peach preserve on the finish.",
    "price": "28.00",
    "image_url": "https://storage.googleapis.com/cdn.vinoshipper.com/wine/26196/357c614c-dc00-4964-bc38-08d5a9125aa2.jpg",
    "pinecone_vector_id": "",
    "metadata": {
      "scraped": true,
      "wine_type": "White"
    }
  }
},
{
  "model": "wineries.menuitem",
  "pk": "b16b90c5-cba6-46b5-9538-3ccf3364353f",
  "fields": {
    "created_at": "2026-03-22T18:09:26.101Z",
    "updated_at": "2026-03-22T18:09:26.101Z",
    "is_active": true,
    "place": "78330069-2013-413b-b130-6c2de9e950b4",
    "name": "SUNSET Sparkling Rose",
    "varietal": "Rosé",
    "vintage": null,
    "description": "Just awarded Best Sparkling Wine at NC Fine Wine Competition",
    "price": null,
    "image_url": "https://pointlookoutvineyards.com/wp-content/uploads/2024/02/SUNSET-Sparkling-500x284.jpg",
    "pinecone_vector_id": "",
    "metadata": {
      "scraped": true,
      "wine_type": "Sparkling"
    }
  }
},
{
  "model": "wineries.menuitem",
  "pk": "b1f7723a-8978-4c32-96f0-b47ae1243b9c",
  "fields": {
    "created_at": "2026-03-21T21:35:45.100Z",
    "updated_at": "2026-03-21T21:35:45.100Z",
    "is_active": true,
    "place": "4b1ff0d9-c96a-46ed-ac0f-30b5427b3756",
    "name": "2022 Reserve Petit Manseng",
    "varietal": "Petit Manseng",
    "vintage": 2022,
    "description": "",
    "price": "38.00",
    "image_url": "https://storage.googleapis.com/cdn.vinoshipper.com/wine/126202/e59c14ca-b49f-4e74-a71b-a1c426459cc0.jpg",
    "pinecone_vector_id": "",
    "metadata": {
      "scraped": true,
      "wine_type": "White"
    }
  }
},
{
  "model": "wineries.menuitem",
  "pk": "b3d7abf3-c1e6-4f82-96b4-0f7b6b9ac12f",
  "fields": {
    "created_at": "2026-03-22T19:05:50.686Z",
    "updated_at": "2026-03-22T19:05:50.686Z",
    "is_active": true,
    "place": "8e61f92d-8d91-447a-b425-b3bbf0138a53",
    "name": "2022 Chambourcin",
    "varietal": "Chambourcin",
    "vintage": 2022,
    "description": "Light oak and smokey. Medium body with flavors of plum and wild berries.",
    "price": "35.00",
    "image_url": "",
    "pinecone_vector_id": "",
    "metadata": {
      "scraped": true,
      "wine_type": "Red"
    }
  }
},
{
  "model": "wineries.menuitem",
  "pk": "b4743109-1b6b-4748-b7b4-483f41638dda",
  "fields": {
    "created_at": "2026-03-22T17:55:44.719Z",
    "updated_at": "2026-03-22T17:55:44.719Z",
    "is_active": true,
    "place": "1093aa72-7007-4919-b075-14aef52d5d13",
    "name": "Tattoo on the Beach",
    "varietal": "Viognier",
    "vintage": null,
    "description": "Lively flavors of juicy peach, ripe apricot and fresh orange. Perfect for refreshing summer sipping!",
    "price": "20.00",
    "image_url": "https://storage.googleapis.com/cdn.vinoshipper.com/wine/43240/27f285a3-9187-4701-a3ce-0bedb2b75dc6.jpg",
    "pinecone_vector_id": "",
    "metadata": {
      "scraped": true,
      "wine_type": "White"
    }
  }
},
{
  "model": "wineries.menuitem",
  "pk": "b515ae83-be24-4787-b30a-b6cad45c768a",
  "fields": {
    "created_at": "2026-03-21T21:59:12.639Z",
    "updated_at": "2026-03-21T21:59:12.639Z",
    "is_active": true,
    "place": "c29bc582-0fc8-4d1b-b7f0-f4e4f3beee9e",
    "name": "2025 Golden Hallows",
    "varietal": "White Blend",
    "vintage": 2025,
    "description": "Crisp, clean, and refreshing with aromatics of orange blossom, pineapple, stone fruits, apple, and white flowers. Hints of pear, honey-crisp apple, tropical fruits, and citrus zest.",
    "price": "29.00",
    "image_url": "https://img-production-vinoshipper.s3.amazonaws.com/winery/1134/cb46806f-7b32-4307-87c5-7d8bdb430e21.jpg",
    "pinecone_vector_id": "",
    "metadata": {
      "scraped": true,
      "wine_type": "White"
    }
  }
},
{
  "model": "wineries.menuitem",
  "pk": "b7858853-5539-47e9-936b-ca6ae234d921",
  "fields": {
    "created_at": "2026-03-22T17:55:44.747Z",
    "updated_at": "2026-03-22T17:55:44.747Z",
    "is_active": true,
    "place": "1093aa72-7007-4919-b075-14aef52d5d13",
    "name": "Reel Good",
    "varietal": "Riesling",
    "vintage": null,
    "description": "This light and delicious wine contains flavors of fresh picked strawberries and other tropical fruits. The name says it all, it's simply \"Reel Good\" wine.",
    "price": "20.00",
    "image_url": "https://storage.googleapis.com/cdn.vinoshipper.com/wine/45830/81d8ff42-b6fb-4eed-85f4-3033411a50f4.jpg",
    "pinecone_vector_id": "",
    "metadata": {
      "scraped": true,
      "wine_type": "White"
    }
  }
},
{
  "model": "wineries.menuitem",
  "pk": "b8b192bd-fc52-46da-812c-c8f82d4975ce",
  "fields": {
    "created_at": "2026-03-22T03:14:46.052Z",
    "updated_at": "2026-03-22T03:14:46.052Z",
    "is_active": true,
    "place": "dbd2d95a-c5f6-4767-a70f-517fff4c72cf",
    "name": "2022 La Brisa",
    "varietal": "Riesling",
    "vintage": 2022,
    "description": "100% Riesling with notes of melon, honeysuckle, and ripe peaches. Crisp acidity is balanced with a touch of sweetness.",
    "price": "22.00",
    "image_url": "https://storage.googleapis.com/cdn.vinoshipper.com/wine/100998/c12c41bb-ab90-4653-8689-e7e11b0d5cef.jpg",
    "pinecone_vector_id": "",
    "metadata": {
      "scraped": true,
      "wine_type": "White"
    }
  }
},
{
  "model": "wineries.menuitem",
  "pk": "b8fd612a-90db-4379-9527-8bb527826184",
  "fields": {
    "created_at": "2026-03-21T21:59:12.556Z",
    "updated_at": "2026-03-21T21:59:12.556Z",
    "is_active": true,
    "place": "c29bc582-0fc8-4d1b-b7f0-f4e4f3beee9e",
    "name": "2022 Devil's Hill",
    "varietal": "Red Blend",
    "vintage": 2022,
    "description": "Named after the devilishly difficult hillside where varieties are grown. Has a rustic quality with aromatics and flavors of dark cherry, shortbread cookie, spice, forest floor, crushed stone, and dark chocolate.",
    "price": "74.00",
    "image_url": "https://storage.googleapis.com/cdn.vinoshipper.com/wine/107924/9c6ee8c0-7e04-4701-aa5e-c28b796e0286.jpg",
    "pinecone_vector_id": "",
    "metadata": {
      "scraped": true,
      "wine_type": "Red"
    }
  }
},
{
  "model": "wineries.menuitem",
  "pk": "bf7921f8-687d-4bc6-bdb1-d608ad988714",
  "fields": {
    "created_at": "2026-03-22T03:04:17.842Z",
    "updated_at": "2026-03-22T03:04:17.842Z",
    "is_active": true,
    "place": "9165f533-5986-4ede-8380-236e9750cab5",
    "name": "Muscadine",
    "varietal": "Muscadine",
    "vintage": null,
    "description": "Native American grape variety that pairs well with the French-American hybrids in unique blends.",
    "price": null,
    "image_url": "",
    "pinecone_vector_id": "",
    "metadata": {
      "scraped": true,
      "wine_type": "White"
    }
  }
},
{
  "model": "wineries.menuitem",
  "pk": "c0ad9600-10e6-4d8c-bdff-5f763d203543",
  "fields": {
    "created_at": "2026-03-22T19:05:50.675Z",
    "updated_at": "2026-03-22T19:05:50.675Z",
    "is_active": true,
    "place": "8e61f92d-8d91-447a-b425-b3bbf0138a53",
    "name": "2023 Barrel Chardonnay",
    "varietal": "Chardonnay",
    "vintage": 2023,
    "description": "Our Barrel Chardonnay is aged in French Oak barrels for only a couple months adding a bit of complexity yet remaining crisp and refreshing. There are floral tropical notes of pineapple and stone fruits on the palette.",
    "price": "32.00",
    "image_url": "",
    "pinecone_vector_id": "",
    "metadata": {
      "scraped": true,
      "wine_type": "White"
    }
  }
},
{
  "model": "wineries.menuitem",
  "pk": "c2903552-48b5-4439-a9d4-04a7edf12da6",
  "fields": {
    "created_at": "2026-03-21T22:01:33.028Z",
    "updated_at": "2026-03-21T22:01:33.028Z",
    "is_active": true,
    "place": "c29bc582-0fc8-4d1b-b7f0-f4e4f3beee9e",
    "name": "2025 Golden Hallows",
    "varietal": "White Blend",
    "vintage": 2025,
    "description": "Crisp, clean, and refreshing with aromatics of orange blossom, pineapple, stone fruits, apple, and white flowers. Hints of pear, honey-crisp apple, tropical fruits, and citrus zest.",
    "price": "29.00",
    "image_url": "https://img-production-vinoshipper.s3.amazonaws.com/winery/1134/cb46806f-7b32-4307-87c5-7d8bdb430e21.jpg",
    "pinecone_vector_id": "",
    "metadata": {
      "scraped": true,
      "wine_type": "White"
    }
  }
},
{
  "model": "wineries.menuitem",
  "pk": "c2bc38b7-b02d-4c08-ac0d-29eb368a795b",
  "fields": {
    "created_at": "2026-03-22T03:04:17.855Z",
    "updated_at": "2026-03-22T03:04:17.855Z",
    "is_active": true,
    "place": "9165f533-5986-4ede-8380-236e9750cab5",
    "name": "Blackberry Wine",
    "varietal": "Blackberry",
    "vintage": null,
    "description": "Fruit wine made from blackberries provided by local growers.",
    "price": null,
    "image_url": "",
    "pinecone_vector_id": "",
    "metadata": {
      "scraped": true,
      "wine_type": "Other"
    }
  }
},
{
  "model": "wineries.menuitem",
  "pk": "c37ae854-6be4-4c47-8d06-8b778f73da55",
  "fields": {
    "created_at": "2026-03-21T21:35:45.103Z",
    "updated_at": "2026-03-21T21:35:45.103Z",
    "is_active": true,
    "place": "4b1ff0d9-c96a-46ed-ac0f-30b5427b3756",
    "name": "Bramble Patch Cider",
    "varietal": "Apple",
    "vintage": null,
    "description": "",
    "price": "24.00",
    "image_url": "https://storage.googleapis.com/cdn.vinoshipper.com/wine/a4178a5b-c037-4806-835e-19ccc9f45604.jpg",
    "pinecone_vector_id": "",
    "metadata": {
      "scraped": true,
      "wine_type": "Other"
    }
  }
},
{
  "model": "wineries.menuitem",
  "pk": "c7143cbe-3f52-43fa-89a1-8aa7c0aa13fc",
  "fields": {
    "created_at": "2026-03-21T22:01:32.983Z",
    "updated_at": "2026-03-21T22:01:32.983Z",
    "is_active": true,
    "place": "c29bc582-0fc8-4d1b-b7f0-f4e4f3beee9e",
    "name": "2023 Crimson Creek",
    "varietal": "Chambourcin",
    "vintage": 2023,
    "description": "French American hybrid handcrafted in French tradition. Complex wine with enchanting notes of cherry, cranberry, spice, and turned earth with polished tannins.",
    "price": "49.00",
    "image_url": "https://storage.googleapis.com/cdn.vinoshipper.com/wine/130533/6fb3209c-d5a2-4154-a4e7-3cb63031da59.jpg",
    "pinecone_vector_id": "",
    "metadata": {
      "scraped": true,
      "wine_type": "Red"
    }
  }
},
{
  "model": "wineries.menuitem",
  "pk": "c7a943c7-2233-469a-9883-c8888b8cb1d4",
  "fields": {
    "created_at": "2026-03-21T21:59:12.605Z",
    "updated_at": "2026-03-21T21:59:12.605Z",
    "is_active": true,
    "place": "c29bc582-0fc8-4d1b-b7f0-f4e4f3beee9e",
    "name": "Happy Endings",
    "varietal": "White Blend",
    "vintage": null,
    "description": "Masterful blend of three different vintages of Traminette and Vidal Blanc wines sweetened using ancient German Süßreserve technique. Delicately sweet, vibrant wine with nod to classic German winemaking traditions.",
    "price": "20.00",
    "image_url": "https://storage.googleapis.com/cdn.vinoshipper.com/wine/146623/3489075c-e2e8-422f-9b7d-8dae2c384551.jpg",
    "pinecone_vector_id": "",
    "metadata": {
      "scraped": true,
      "wine_type": "White"
    }
  }
},
{
  "model": "wineries.menuitem",
  "pk": "c933865d-e2b4-49e5-b3dc-d991033edf97",
  "fields": {
    "created_at": "2026-03-22T03:04:17.828Z",
    "updated_at": "2026-03-22T03:04:17.828Z",
    "is_active": true,
    "place": "9165f533-5986-4ede-8380-236e9750cab5",
    "name": "Chambourcin",
    "varietal": "Chambourcin",
    "vintage": null,
    "description": "French-American hybrid grape variety grown at the vineyard that thrives in the upstate climate.",
    "price": null,
    "image_url": "",
    "pinecone_vector_id": "",
    "metadata": {
      "scraped": true,
      "wine_type": "Red"
    }
  }
},
{
  "model": "wineries.menuitem",
  "pk": "ca4c9cbf-3c25-437f-899a-385eedcea658",
  "fields": {
    "created_at": "2026-03-22T03:14:46.063Z",
    "updated_at": "2026-03-22T03:14:46.063Z",
    "is_active": true,
    "place": "dbd2d95a-c5f6-4767-a70f-517fff4c72cf",
    "name": "2022 Chambourcin",
    "varietal": "Chambourcin",
    "vintage": 2022,
    "description": "Lighter in style and lower in tannin, aged in neutral French oak barrels. Has notes of cherry, plum and a hint of spice.",
    "price": "24.00",
    "image_url": "https://storage.googleapis.com/cdn.vinoshipper.com/wine/122964/09df9992-f6a9-441a-ad66-0382aedeeb8f.jpg",
    "pinecone_vector_id": "",
    "metadata": {
      "scraped": true,
      "wine_type": "Red"
    }
  }
},
{
  "model": "wineries.menuitem",
  "pk": "cbab9229-8a0f-4ec9-b7f2-2136180bb3c7",
  "fields": {
    "created_at": "2026-03-21T21:35:45.096Z",
    "updated_at": "2026-03-21T21:35:45.097Z",
    "is_active": true,
    "place": "4b1ff0d9-c96a-46ed-ac0f-30b5427b3756",
    "name": "2022 Petit Verdot",
    "varietal": "Petit Verdot",
    "vintage": 2022,
    "description": "",
    "price": "40.00",
    "image_url": "https://storage.googleapis.com/cdn.vinoshipper.com/wine/125950/28d43fbb-7f6d-4e61-8051-50a9d40c079d.jpg",
    "pinecone_vector_id": "",
    "metadata": {
      "scraped": true,
      "wine_type": "Red"
    }
  }
},
{
  "model": "wineries.menuitem",
  "pk": "d05cb57c-5517-40ad-b99f-b61fdb0ac990",
  "fields": {
    "created_at": "2026-03-22T17:55:44.751Z",
    "updated_at": "2026-03-22T17:55:44.751Z",
    "is_active": true,
    "place": "1093aa72-7007-4919-b075-14aef52d5d13",
    "name": "2024 Holiday Hound",
    "varietal": "Red Blend",
    "vintage": 2024,
    "description": "Our delicious pomegranate (Nasty Bastard) blended with Acai Raspberry (Slut DOG Sin) makes a delightful holiday blend and kick it up with your favorite sparkling wine for a wonderful Holiday cocktail.",
    "price": "20.00",
    "image_url": "https://storage.googleapis.com/cdn.vinoshipper.com/wine/a4161617-d984-484a-b00c-8148d3f90860.jpg",
    "pinecone_vector_id": "",
    "metadata": {
      "scraped": true,
      "wine_type": "Red"
    }
  }
},
{
  "model": "wineries.menuitem",
  "pk": "d25a644b-3da8-4bbc-8f0c-5acdfc956537",
  "fields": {
    "created_at": "2026-03-21T22:01:32.991Z",
    "updated_at": "2026-03-21T22:01:32.991Z",
    "is_active": true,
    "place": "c29bc582-0fc8-4d1b-b7f0-f4e4f3beee9e",
    "name": "2023 Merlot",
    "varietal": "Merlot",
    "vintage": 2023,
    "description": "Elegant expression of cooler climate Merlot with enchanting aromas of baked plum and berries, cracked pepper, and spice. Velvety and sumptuous texture with polished tannins.",
    "price": "52.00",
    "image_url": "https://storage.googleapis.com/cdn.vinoshipper.com/wine/142225/dc3e9354-26bc-480d-94c5-788fee6a1ba8.jpg",
    "pinecone_vector_id": "",
    "metadata": {
      "scraped": true,
      "wine_type": "Red"
    }
  }
},
{
  "model": "wineries.menuitem",
  "pk": "d2a396ef-52d2-4a97-a05c-c2c9f86b42eb",
  "fields": {
    "created_at": "2026-03-22T17:55:44.727Z",
    "updated_at": "2026-03-22T17:55:44.727Z",
    "is_active": true,
    "place": "1093aa72-7007-4919-b075-14aef52d5d13",
    "name": "Summer Daze",
    "varietal": "Merlot Rosé",
    "vintage": null,
    "description": "This refreshing blush wine presents all the characteristics of sliced fresh watermelon. Balanced with thirst quenching crispness and juicy sweetness.",
    "price": "20.00",
    "image_url": "https://storage.googleapis.com/cdn.vinoshipper.com/wine/43245/5268fc11-bec8-49e7-8179-a5e64aec9f19.jpg",
    "pinecone_vector_id": "",
    "metadata": {
      "scraped": true,
      "wine_type": "Rosé"
    }
  }
},
{
  "model": "wineries.menuitem",
  "pk": "d32670ae-5e08-417d-8263-1d8cd1333baf",
  "fields": {
    "created_at": "2026-03-21T21:35:45.087Z",
    "updated_at": "2026-03-21T21:35:45.087Z",
    "is_active": true,
    "place": "4b1ff0d9-c96a-46ed-ac0f-30b5427b3756",
    "name": "2023 Reserve Chardonnay",
    "varietal": "Chardonnay",
    "vintage": 2023,
    "description": "100% fermented in barrel, aged sur lie, and put through a full malolactic conversion. Very expressive with vanilla, butter, and spice on the nose, with a full-body, fresh acidity, and dry finish. The flavors that linger remind us of cream, coconut, popcorn, and a delicious savory foundation.",
    "price": "28.00",
    "image_url": "https://storage.googleapis.com/cdn.vinoshipper.com/wine/47453/0a9b2efc-d421-433d-ba01-cdb2312319cf.jpg",
    "pinecone_vector_id": "",
    "metadata": {
      "scraped": true,
      "wine_type": "White"
    }
  }
},
{
  "model": "wineries.menuitem",
  "pk": "d86f7f99-2d1c-4026-aff7-bbcf3055bc25",
  "fields": {
    "created_at": "2026-03-22T19:05:50.679Z",
    "updated_at": "2026-03-22T19:05:50.679Z",
    "is_active": true,
    "place": "8e61f92d-8d91-447a-b425-b3bbf0138a53",
    "name": "2023 Barbera",
    "varietal": "Barbera",
    "vintage": 2023,
    "description": "Our Barbera is back! Flavors of dark cherries with a hint of chocolate on the palette. Long lingering finish!",
    "price": "42.00",
    "image_url": "",
    "pinecone_vector_id": "",
    "metadata": {
      "scraped": true,
      "wine_type": "Red"
    }
  }
},
{
  "model": "wineries.menuitem",
  "pk": "d8745d81-6d61-4036-a3f4-9d6777e278ef",
  "fields": {
    "created_at": "2026-03-21T21:59:12.648Z",
    "updated_at": "2026-03-21T21:59:12.648Z",
    "is_active": true,
    "place": "c29bc582-0fc8-4d1b-b7f0-f4e4f3beee9e",
    "name": "2025 Pink",
    "varietal": "Rosé",
    "vintage": 2025,
    "description": "Crisp and elegant Rosé wine layered with enticing aromas of ripe strawberry, melon.",
    "price": null,
    "image_url": "https://storage.googleapis.com/cdn.vinoshipper.com/wine/141896/1acd6ad2-98df-474a-a248-063629b3448e.jpg",
    "pinecone_vector_id": "",
    "metadata": {
      "scraped": true,
      "wine_type": "Rosé"
    }
  }
},
{
  "model": "wineries.menuitem",
  "pk": "d9ad0e49-94e5-4fe6-a85d-93742c89755e",
  "fields": {
    "created_at": "2026-03-22T17:55:44.715Z",
    "updated_at": "2026-03-22T17:55:44.715Z",
    "is_active": true,
    "place": "1093aa72-7007-4919-b075-14aef52d5d13",
    "name": "Black Jack BJ",
    "varietal": "Merlot",
    "vintage": null,
    "description": "Named after our past Field Champion dog, \" BJ\". Enhanced with flavors of fresh blackberries, this wine provides a unique twist on merlot.",
    "price": "20.00",
    "image_url": "https://storage.googleapis.com/cdn.vinoshipper.com/wine/43235/6272be01-79dc-440d-8089-b3592fde7e12.jpg",
    "pinecone_vector_id": "",
    "metadata": {
      "scraped": true,
      "wine_type": "Red"
    }
  }
},
{
  "model": "wineries.menuitem",
  "pk": "da99a8e2-3b02-47ac-b6e5-5fb68e9d1fc6",
  "fields": {
    "created_at": "2026-03-22T17:55:44.711Z",
    "updated_at": "2026-03-22T17:55:44.711Z",
    "is_active": true,
    "place": "1093aa72-7007-4919-b075-14aef52d5d13",
    "name": "2024 Nasty Bastard",
    "varietal": "Zinfandel",
    "vintage": 2024,
    "description": "In heartfelt memory of our dog \"Walker\" This wine brings together juicy and sweet flavors of wild berries & pomegranates for an exciting taste.",
    "price": "20.00",
    "image_url": "https://storage.googleapis.com/cdn.vinoshipper.com/wine/43233/ca22e2e1-4da7-499e-9335-9cc02ab67b30.jpg",
    "pinecone_vector_id": "",
    "metadata": {
      "scraped": true,
      "wine_type": "Red"
    }
  }
},
{
  "model": "wineries.menuitem",
  "pk": "dc357015-b933-435c-a460-01abfe163f50",
  "fields": {
    "created_at": "2026-03-22T03:14:46.084Z",
    "updated_at": "2026-03-22T03:14:46.084Z",
    "is_active": true,
    "place": "dbd2d95a-c5f6-4767-a70f-517fff4c72cf",
    "name": "Dulcinea",
    "varietal": "Red Blend",
    "vintage": null,
    "description": "A semi-sweet red blend with notes of black currants, blackberries and a lingering toffee finish. Serve chilled or at room temperature.",
    "price": "23.00",
    "image_url": "https://storage.googleapis.com/cdn.vinoshipper.com/wine/110442/a6370d72-12d4-4f55-b189-5c4cf054372c.jpg",
    "pinecone_vector_id": "",
    "metadata": {
      "scraped": true,
      "wine_type": "Red"
    }
  }
},
{
  "model": "wineries.menuitem",
  "pk": "dd7dbb7f-3235-4283-9084-5e92a6aead38",
  "fields": {
    "created_at": "2026-03-21T21:35:45.069Z",
    "updated_at": "2026-03-21T21:35:45.069Z",
    "is_active": true,
    "place": "4b1ff0d9-c96a-46ed-ac0f-30b5427b3756",
    "name": "2023 Maggie",
    "varietal": "Muscat",
    "vintage": 2023,
    "description": "Pouring a pale green in the glass, this vintage of Maggie bursts with grassy, peach, and gooseberry notes on the nose. The first sip opens your senses with fresh pear, pineapple, orange blossom, and a touch of minerality.",
    "price": "25.00",
    "image_url": "https://storage.googleapis.com/cdn.vinoshipper.com/wine/26199/e35b620a-0929-4b63-8e59-85a2881f0af0.jpg",
    "pinecone_vector_id": "",
    "metadata": {
      "scraped": true,
      "wine_type": "White"
    }
  }
},
{
  "model": "wineries.menuitem",
  "pk": "e0c352d1-8302-4ed9-b8a1-beeb6fc17ba4",
  "fields": {
    "created_at": "2026-03-20T22:43:57.878Z",
    "updated_at": "2026-03-20T22:43:57.878Z",
    "is_active": true,
    "place": "6576fac2-24cd-4cc3-99a4-411fadf95da8",
    "name": "2024 Riesling",
    "varietal": "Riesling",
    "vintage": 2024,
    "description": "This dry Riesling captivates with notes of stone fruit and white flowers. Flavors of ripe apple, pear, and apricot dance on the palate, complemented by a subtle floral undertone.",
    "price": "27.00",
    "image_url": "https://storage.googleapis.com/cdn.vinoshipper.com/wine/158205/4b8a077d-1462-4fb8-9246-49554eb4a029.jpg",
    "pinecone_vector_id": "",
    "metadata": {
      "scraped": true,
      "wine_type": "White"
    }
  }
},
{
  "model": "wineries.menuitem",
  "pk": "e1c849ef-b4d0-4d68-9d4e-737658d0ae40",
  "fields": {
    "created_at": "2026-03-20T22:43:57.893Z",
    "updated_at": "2026-03-20T22:43:57.893Z",
    "is_active": true,
    "place": "6576fac2-24cd-4cc3-99a4-411fadf95da8",
    "name": "Founders Reserve 2nd Edition",
    "varietal": "Red Blend",
    "vintage": null,
    "description": "This multi-vintage red wine offers aromatic layers of dark fruit, raisin, cedar, spice, and caramel. The palate is rich and luxurious, featuring vibrant blue fruit, a hint of raisin and prune, and a mouthwatering finish, all framed by plush, well-integrated tannins.",
    "price": "72.00",
    "image_url": "https://img-production-vinoshipper.s3.amazonaws.com/winery/4844/8dff29d0-13bd-49b0-b984-31c17ccf0924.jpg",
    "pinecone_vector_id": "",
    "metadata": {
      "scraped": true,
      "wine_type": "Red"
    }
  }
},
{
  "model": "wineries.menuitem",
  "pk": "e2292138-f66e-47a8-a4c5-e42b28297390",
  "fields": {
    "created_at": "2026-03-21T21:59:12.547Z",
    "updated_at": "2026-03-21T21:59:12.547Z",
    "is_active": true,
    "place": "c29bc582-0fc8-4d1b-b7f0-f4e4f3beee9e",
    "name": "Sweet Vermouth",
    "varietal": "Red Blend",
    "vintage": null,
    "description": "A proprietary blend specifically for the Cuvee, Premier Club Members. Boasts aromas of blueberry pie, blackberry and dark cherry with spice and chocolate.",
    "price": "27.00",
    "image_url": "https://storage.googleapis.com/cdn.vinoshipper.com/wine/52364/a2210cde-36b6-490b-b3b7-eb5e4cbf6328.jpg",
    "pinecone_vector_id": "",
    "metadata": {
      "scraped": true,
      "wine_type": "Red"
    }
  }
},
{
  "model": "wineries.menuitem",
  "pk": "e2cefbeb-b15e-468c-9867-f8b33d628d24",
  "fields": {
    "created_at": "2026-03-22T01:35:22.993Z",
    "updated_at": "2026-03-22T01:35:22.993Z",
    "is_active": true,
    "place": "3bc32238-96c5-4f7b-8901-405e9fba6c24",
    "name": "Stay Classy Elkin",
    "varietal": "IPA - American",
    "vintage": null,
    "description": "A light, crisp, and clean American IPA that keeps it simple and does it right - bright citrus and classic pine hops delivering a refreshing, no-fuss bite. easy drinking enough to have a few, classy enough to mean it. (ABV: 6.5%)",
    "price": null,
    "image_url": "https://labels.untappd.com/3970302?size=hd",
    "pinecone_vector_id": "",
    "metadata": {
      "scraped": true,
      "wine_type": "IPA"
    }
  }
},
{
  "model": "wineries.menuitem",
  "pk": "e36b8ba7-0c1c-4584-a9b0-77db3c62404f",
  "fields": {
    "created_at": "2026-03-22T03:14:46.056Z",
    "updated_at": "2026-03-22T03:14:46.056Z",
    "is_active": true,
    "place": "dbd2d95a-c5f6-4767-a70f-517fff4c72cf",
    "name": "2021 Ambrosia",
    "varietal": "Muscat",
    "vintage": 2021,
    "description": "Comprised of a blend of Muscat grapes with aromas of floral orange blossom and notes of ripe pineapple and peach. Sweet with a long, smooth finish.",
    "price": "22.00",
    "image_url": "https://storage.googleapis.com/cdn.vinoshipper.com/wine/99011/27295157-ed95-4002-a885-114891d5e13d.jpg",
    "pinecone_vector_id": "",
    "metadata": {
      "scraped": true,
      "wine_type": "White"
    }
  }
},
{
  "model": "wineries.menuitem",
  "pk": "e6aedcfd-b928-461e-9253-7366f6b4a82d",
  "fields": {
    "created_at": "2026-03-22T03:04:17.824Z",
    "updated_at": "2026-03-22T03:04:17.824Z",
    "is_active": true,
    "place": "9165f533-5986-4ede-8380-236e9750cab5",
    "name": "Chardonel",
    "varietal": "Chardonel",
    "vintage": null,
    "description": "French-American hybrid grape variety grown at the vineyard that pairs well with the upstate South Carolina terroir.",
    "price": null,
    "image_url": "",
    "pinecone_vector_id": "",
    "metadata": {
      "scraped": true,
      "wine_type": "White"
    }
  }
},
{
  "model": "wineries.menuitem",
  "pk": "e7071aff-a211-411a-8b78-aff2323bb727",
  "fields": {
    "created_at": "2026-03-20T22:43:57.870Z",
    "updated_at": "2026-03-20T22:43:57.870Z",
    "is_active": true,
    "place": "6576fac2-24cd-4cc3-99a4-411fadf95da8",
    "name": "2024 Pearl D' Blanc",
    "varietal": "White Blend",
    "vintage": 2024,
    "description": "This sparkling wine dazzles with its fresh, invigorating profile and delicate elegance. On the nose, enticing aromas of tropical fruits like pineapple and guava mingle harmoniously with subtle hints of white flowers, creating a bouquet that is both vibrant and refined.",
    "price": "47.00",
    "image_url": "https://storage.googleapis.com/cdn.vinoshipper.com/wine/151069/7a4f4f7a-86b0-435a-8c94-883e056938ac.jpg",
    "pinecone_vector_id": "",
    "metadata": {
      "scraped": true,
      "wine_type": "Sparkling"
    }
  }
},
{
  "model": "wineries.menuitem",
  "pk": "ea66de4b-7298-4e2f-8ce7-4bb03525fde0",
  "fields": {
    "created_at": "2026-03-22T18:04:52.960Z",
    "updated_at": "2026-03-22T18:04:52.960Z",
    "is_active": true,
    "place": "426eea5f-8895-4c3d-99ec-b88167726bde",
    "name": "Trail Pass Hazy IPA",
    "varietal": "IPA",
    "vintage": null,
    "description": "",
    "price": "27.98",
    "image_url": "https://cdn.shopify.com/s/files/1/0059/1111/7922/files/TrailPass_HazyIPA_WorldBeerCup.webp?v=1762897929",
    "pinecone_vector_id": "",
    "metadata": {
      "scraped": true,
      "wine_type": "IPA"
    }
  }
},
{
  "model": "wineries.menuitem",
  "pk": "ec4537ea-d7cd-49fb-aacd-b8841dc51803",
  "fields": {
    "created_at": "2026-03-21T21:35:45.081Z",
    "updated_at": "2026-03-21T21:35:45.081Z",
    "is_active": true,
    "place": "4b1ff0d9-c96a-46ed-ac0f-30b5427b3756",
    "name": "2023 Dessert Blackberry",
    "varietal": "Blackberry",
    "vintage": 2023,
    "description": "Screaming yummy, 100% Blackberry, 18% alcohol, serve chilled with dessert, on dessert, or as dessert!",
    "price": "22.00",
    "image_url": "https://storage.googleapis.com/cdn.vinoshipper.com/wine/34394/2012f85e-2757-4388-bc83-f1a16cdebd59.jpg",
    "pinecone_vector_id": "",
    "metadata": {
      "scraped": true,
      "wine_type": "Other"
    }
  }
},
{
  "model": "wineries.menuitem",
  "pk": "eed16eca-da8a-40ff-9b5b-0d48c858a8ca",
  "fields": {
    "created_at": "2026-03-21T22:01:33.014Z",
    "updated_at": "2026-03-21T22:01:33.014Z",
    "is_active": true,
    "place": "c29bc582-0fc8-4d1b-b7f0-f4e4f3beee9e",
    "name": "Muddy Paws Solera 6",
    "varietal": "Red Blend",
    "vintage": null,
    "description": "Port style dessert wine made using Solera method combining vintages 2017-2023. Notes of fig, prune, toasted nuts, caramel and spices with rich palate of raisins, figs and plum pie.",
    "price": "45.00",
    "image_url": "https://img-production-vinoshipper.s3.amazonaws.com/winery/1134/9be7b592-a4ae-4c70-94c4-d4c6cbf09727.jpg",
    "pinecone_vector_id": "",
    "metadata": {
      "scraped": true,
      "wine_type": "Red"
    }
  }
},
{
  "model": "wineries.menuitem",
  "pk": "ef042a8f-f2f4-4043-85d6-7cdf46bb83c3",
  "fields": {
    "created_at": "2026-03-22T03:14:46.071Z",
    "updated_at": "2026-03-22T03:14:46.071Z",
    "is_active": true,
    "place": "dbd2d95a-c5f6-4767-a70f-517fff4c72cf",
    "name": "2022 Cabernet Sauvignon",
    "varietal": "Cabernet Sauvignon",
    "vintage": 2022,
    "description": "Red fruit, white pepper, cedar, and a hint of vanilla. This wine has approachable tannins and is smooth on the palate.",
    "price": "28.00",
    "image_url": "https://storage.googleapis.com/cdn.vinoshipper.com/wine/89736f4a-a4b3-447a-ba55-c6aa8e3d9a2a.jpg",
    "pinecone_vector_id": "",
    "metadata": {
      "scraped": true,
      "wine_type": "Red"
    }
  }
},
{
  "model": "wineries.menuitem",
  "pk": "f9a349e5-21c0-41d8-aac6-00069cb1cd44",
  "fields": {
    "created_at": "2026-03-22T17:55:44.699Z",
    "updated_at": "2026-03-22T17:55:44.699Z",
    "is_active": true,
    "place": "1093aa72-7007-4919-b075-14aef52d5d13",
    "name": "2022 MYSTIC Vision",
    "varietal": "Malbec",
    "vintage": 2022,
    "description": "This dry, medium-body wine boasts intense aromas of red currants, black raspberries, hints of oak, and pepper spice, with rounded tannins and a toasted vanilla finish.",
    "price": "34.00",
    "image_url": "https://storage.googleapis.com/cdn.vinoshipper.com/wine/43078/edfb3cba-5335-40ab-b809-7ae8fd043ab7.jpg",
    "pinecone_vector_id": "",
    "metadata": {
      "scraped": true,
      "wine_type": "Red"
    }
  }
},
{
  "model": "wineries.menuitem",
  "pk": "ff0fe0f5-7bc3-491b-97ce-583d60c1a022",
  "fields": {
    "created_at": "2026-03-22T03:14:46.075Z",
    "updated_at": "2026-03-22T03:14:46.075Z",
    "is_active": true,
    "place": "dbd2d95a-c5f6-4767-a70f-517fff4c72cf",
    "name": "2022 Portrait",
    "varietal": "Cabernet Sauvignon",
    "vintage": 2022,
    "description": "Bordeaux-style blend with aromas of violets and herbs leading to notes of plums, black currants, and cedar. 50% Cabernet Sauvignon, 30% Merlot, and 20% Cabernet Franc.",
    "price": "29.00",
    "image_url": "https://storage.googleapis.com/cdn.vinoshipper.com/wine/18e39b24-644a-4e12-97ff-c90c8f6db64c.jpg",
    "pinecone_vector_id": "",
    "metadata": {
      "scraped": true,
      "wine_type": "Red"
    }
  }
},
{
  "model": "wineries.favoriteplace",
  "pk": "0920c171-816f-4d09-b973-81c65126477f",
  "fields": {
    "created_at": "2026-03-22T15:43:25.969Z",
    "updated_at": "2026-03-22T15:43:25.975Z",
    "is_active": true,
    "user": "004d98c3-a02a-475c-bac7-ed5706926496",
    "place": "14474df6-c945-4905-86b8-3ecba75bf158"
  }
},
{
  "model": "wineries.favoriteplace",
  "pk": "8596bef5-c8c9-428d-8799-d57de4f35a6d",
  "fields": {
    "created_at": "2026-03-22T00:21:27.915Z",
    "updated_at": "2026-03-22T00:21:27.919Z",
    "is_active": true,
    "user": "004d98c3-a02a-475c-bac7-ed5706926496",
    "place": "4b1ff0d9-c96a-46ed-ac0f-30b5427b3756"
  }
},
{
  "model": "wineries.favoriteplace",
  "pk": "edc51650-6c1f-4595-8cad-a77b9a93b2f8",
  "fields": {
    "created_at": "2026-03-21T23:01:06.463Z",
    "updated_at": "2026-03-21T23:01:35.099Z",
    "is_active": true,
    "user": "004d98c3-a02a-475c-bac7-ed5706926496",
    "place": "6576fac2-24cd-4cc3-99a4-411fadf95da8"
  }
},
{
  "model": "wineries.winewishlist",
  "pk": "189c5797-508b-4198-a0e1-fcbe7be8da61",
  "fields": {
    "created_at": "2026-03-22T19:29:24.472Z",
    "updated_at": "2026-03-22T19:29:24.472Z",
    "is_active": true,
    "user": "004d98c3-a02a-475c-bac7-ed5706926496",
    "menu_item": "894f8415-0964-47aa-a317-13859c005ecc",
    "wine_name": "2023 Red Barn Blend",
    "wine_type": "Blend",
    "wine_vintage": null,
    "notes": "",
    "source_place": null
  }
},
{
  "model": "visits.visitlog",
  "pk": "05abaa98-fde5-49f9-a586-ef265332d563",
  "fields": {
    "created_at": "2026-03-22T20:31:48.439Z",
    "updated_at": "2026-03-22T20:31:48.439Z",
    "is_active": true,
    "user": "004d98c3-a02a-475c-bac7-ed5706926496",
    "place": "68722da4-5db7-46a5-972d-b86567f65be5",
    "visited_at": "2026-03-22T20:31:48.439Z",
    "notes": "",
    "rating_staff": null,
    "rating_ambience": null,
    "rating_food": null,
    "rating_overall": null,
    "metadata": {}
  }
},
{
  "model": "visits.visitlog",
  "pk": "15b99b7a-3340-41cd-9768-b8c89837b38f",
  "fields": {
    "created_at": "2026-03-22T14:46:46.017Z",
    "updated_at": "2026-03-22T14:46:46.017Z",
    "is_active": true,
    "user": "004d98c3-a02a-475c-bac7-ed5706926496",
    "place": "dbd2d95a-c5f6-4767-a70f-517fff4c72cf",
    "visited_at": "2026-03-22T14:46:46.017Z",
    "notes": "",
    "rating_staff": null,
    "rating_ambience": null,
    "rating_food": null,
    "rating_overall": null,
    "metadata": {}
  }
},
{
  "model": "visits.visitlog",
  "pk": "164deb6a-f701-4b16-bc83-ab9afde6e666",
  "fields": {
    "created_at": "2026-03-21T14:09:56.173Z",
    "updated_at": "2026-03-21T15:12:04.235Z",
    "is_active": true,
    "user": "004d98c3-a02a-475c-bac7-ed5706926496",
    "place": "6576fac2-24cd-4cc3-99a4-411fadf95da8",
    "visited_at": "2026-03-21T14:09:56.172Z",
    "notes": "Love this place",
    "rating_staff": 5,
    "rating_ambience": 5,
    "rating_food": 5,
    "rating_overall": 5,
    "metadata": {}
  }
},
{
  "model": "visits.visitlog",
  "pk": "3195dee6-1821-4e36-8892-fb05b5d165f0",
  "fields": {
    "created_at": "2026-03-21T16:28:54.425Z",
    "updated_at": "2026-03-22T01:12:39.094Z",
    "is_active": true,
    "user": "004d98c3-a02a-475c-bac7-ed5706926496",
    "place": "4b1ff0d9-c96a-46ed-ac0f-30b5427b3756",
    "visited_at": "2026-03-21T16:28:54.425Z",
    "notes": "",
    "rating_staff": 3,
    "rating_ambience": 4,
    "rating_food": 3,
    "rating_overall": 4,
    "metadata": {}
  }
},
{
  "model": "visits.visitlog",
  "pk": "33f49a7d-de73-45d6-bb38-6c48151de132",
  "fields": {
    "created_at": "2026-03-22T02:06:02.919Z",
    "updated_at": "2026-03-22T02:06:02.919Z",
    "is_active": true,
    "user": "004d98c3-a02a-475c-bac7-ed5706926496",
    "place": "3bc32238-96c5-4f7b-8901-405e9fba6c24",
    "visited_at": "2026-03-22T02:06:02.919Z",
    "notes": "",
    "rating_staff": null,
    "rating_ambience": null,
    "rating_food": null,
    "rating_overall": null,
    "metadata": {}
  }
},
{
  "model": "visits.visitlog",
  "pk": "3482509d-4050-4c58-9e87-c6c00b9438ac",
  "fields": {
    "created_at": "2026-03-22T19:29:00.845Z",
    "updated_at": "2026-03-22T19:29:00.845Z",
    "is_active": true,
    "user": "004d98c3-a02a-475c-bac7-ed5706926496",
    "place": "34997b6f-0e80-44e0-a002-f6fedbb59541",
    "visited_at": "2026-03-22T19:29:00.845Z",
    "notes": "",
    "rating_staff": null,
    "rating_ambience": null,
    "rating_food": null,
    "rating_overall": null,
    "metadata": {}
  }
},
{
  "model": "visits.visitlog",
  "pk": "87bb8bff-dc0f-4d09-be00-da1aa6b3a1d4",
  "fields": {
    "created_at": "2026-03-22T19:29:07.356Z",
    "updated_at": "2026-03-22T21:29:27.794Z",
    "is_active": true,
    "user": "004d98c3-a02a-475c-bac7-ed5706926496",
    "place": "8e61f92d-8d91-447a-b425-b3bbf0138a53",
    "visited_at": "2026-03-22T19:29:07.356Z",
    "notes": "",
    "rating_staff": null,
    "rating_ambience": null,
    "rating_food": null,
    "rating_overall": null,
    "metadata": {
      "flight": {
        "items": [
          {
            "name": "2023 Barrel Chardonnay",
            "role": "opener",
            "order": 1,
            "tasting_tip": "Start with this oak-kissed white to awaken your palate with its tropical and stone fruit notes that you love.",
            "menu_item_id": "2023-barrel-chardonnay"
          },
          {
            "name": "2023 Barbera",
            "role": "comfort",
            "order": 2,
            "tasting_tip": "Notice how the dark cherry and chocolate flavors align perfectly with your preferred flavor profile.",
            "menu_item_id": "2023-barbera"
          },
          {
            "name": "2022 Chambourcin",
            "role": "stretch",
            "order": 3,
            "tasting_tip": "This lesser-known varietal offers the plum and berry complexity you enjoy while challenging your adventurous palate with smoky oak nuances.",
            "menu_item_id": "2022-chambourcin"
          },
          {
            "name": "2021 Cabernet Franc",
            "role": "finisher",
            "order": 4,
            "tasting_tip": "End with this bold expression featuring your favorite blackberry, plum, coffee and chocolate notes in perfect harmony.",
            "menu_item_id": "2021-cabernet-franc"
          }
        ],
        "description": "A journey through medium to full-bodied wines showcasing your beloved dark fruit flavors while exploring unique varietals and blends.",
        "flight_name": "Dark Fruit Discovery"
      },
      "pairings": {
        "pairings": [
          {
            "tip": "Decant for 30 minutes to let the dark fruit flavors fully develop",
            "why": "The coffee and chocolate aromas complement herb-crusted meats while the blackberry and plum flavors enhance rich desserts.",
            "item": "2021 Cabernet Franc",
            "pairs_with": "Grilled lamb chops with rosemary or dark chocolate tart"
          },
          {
            "tip": "Serve slightly below room temperature to highlight the wine's natural acidity",
            "why": "The dark cherry flavors and chocolate hints pair beautifully with earthy mushrooms and rich braised meats.",
            "item": "2023 Barbera",
            "pairs_with": "Mushroom risotto or beef short ribs"
          },
          {
            "tip": "Chill to 50-55°F to balance the oak integration with the fruit flavors",
            "why": "The tropical pineapple and stone fruit notes complement seafood and poultry while the French oak adds complexity to match richer preparations.",
            "item": "2023 Barrel Chardonnay",
            "pairs_with": "Lobster with butter sauce or grilled chicken with tropical fruit salsa"
          },
          {
            "tip": "Let this blend breathe for 15 minutes to allow the different varietals to harmonize",
            "why": "The complex blend of three varietals with black pepper and plum flavors matches the variety of cured meats and bold, spiced dishes.",
            "item": "2023 Red Barn Blend",
            "pairs_with": "Charcuterie board with aged cheeses or peppercorn-crusted steak"
          },
          {
            "tip": "This hybrid grape variety showcases best when paired with bold, smoky flavors",
            "why": "The smoky oak character and wild berry flavors complement barbecue spices and gamey meats perfectly.",
            "item": "2022 Chambourcin",
            "pairs_with": "BBQ pulled pork or wild game like venison"
          }
        ],
        "direction": "food",
        "general_tip": "Given your adventurous palate and love for complex flavors, focus on the unique Chambourcin and the multi-varietal Red Barn Blend to explore new taste experiences."
      },
      "recommendations": [
        {
          "why": "This wine perfectly matches your preference for dark cherry flavors with chocolate notes and offers a medium-full body that aligns with your palate profile.",
          "name": "2023 Barbera"
        },
        {
          "why": "This Merlot-based blend delivers the dark fruit complexity you enjoy with plum and black pepper spice notes, matching your favorite red blend style.",
          "name": "2023 Red Barn Blend"
        },
        {
          "why": "This adventurous varietal offers the plum and wild berry flavors you love while satisfying your high adventurousness with a unique grape variety.",
          "name": "2022 Chambourcin"
        }
      ]
    }
  }
},
{
  "model": "visits.visitlog",
  "pk": "d7bea236-70b0-4db9-a29a-ec358a7b93eb",
  "fields": {
    "created_at": "2026-03-21T14:01:04.058Z",
    "updated_at": "2026-03-21T14:01:04.058Z",
    "is_active": true,
    "user": "004d98c3-a02a-475c-bac7-ed5706926496",
    "place": "6576fac2-24cd-4cc3-99a4-411fadf95da8",
    "visited_at": "2026-03-21T14:01:04.057Z",
    "notes": "",
    "rating_staff": null,
    "rating_ambience": null,
    "rating_food": null,
    "rating_overall": null,
    "metadata": {}
  }
},
{
  "model": "visits.visitlog",
  "pk": "d7f8cb34-7287-4758-af4b-4b38cf9e7dfe",
  "fields": {
    "created_at": "2026-03-22T15:42:48.288Z",
    "updated_at": "2026-03-22T15:43:22.412Z",
    "is_active": true,
    "user": "004d98c3-a02a-475c-bac7-ed5706926496",
    "place": "14474df6-c945-4905-86b8-3ecba75bf158",
    "visited_at": "2026-03-22T15:42:48.287Z",
    "notes": "",
    "rating_staff": 3,
    "rating_ambience": 4,
    "rating_food": 3,
    "rating_overall": 4,
    "metadata": {}
  }
},
{
  "model": "visits.visitlog",
  "pk": "e0c9cb4c-661e-4a36-8116-222f8d462cdb",
  "fields": {
    "created_at": "2026-03-21T13:50:10.428Z",
    "updated_at": "2026-03-21T13:50:10.428Z",
    "is_active": true,
    "user": "004d98c3-a02a-475c-bac7-ed5706926496",
    "place": "6576fac2-24cd-4cc3-99a4-411fadf95da8",
    "visited_at": "2026-03-21T13:50:10.427Z",
    "notes": "",
    "rating_staff": null,
    "rating_ambience": null,
    "rating_food": null,
    "rating_overall": null,
    "metadata": {}
  }
},
{
  "model": "visits.visitlog",
  "pk": "e69d8a56-6018-485a-aeb3-13bc94346f7b",
  "fields": {
    "created_at": "2026-03-21T22:43:02.285Z",
    "updated_at": "2026-03-22T13:43:59.139Z",
    "is_active": true,
    "user": "004d98c3-a02a-475c-bac7-ed5706926496",
    "place": "c29bc582-0fc8-4d1b-b7f0-f4e4f3beee9e",
    "visited_at": "2026-03-21T22:43:02.285Z",
    "notes": "",
    "rating_staff": 3,
    "rating_ambience": 2,
    "rating_food": 1,
    "rating_overall": 4,
    "metadata": {}
  }
},
{
  "model": "visits.visitlog",
  "pk": "ec9e877a-813e-4190-bb5c-6b69fad1d296",
  "fields": {
    "created_at": "2026-03-20T22:45:05.720Z",
    "updated_at": "2026-03-20T22:45:05.720Z",
    "is_active": true,
    "user": "1ed8da2b-bc4b-4457-b615-4191e8a15ea7",
    "place": "6576fac2-24cd-4cc3-99a4-411fadf95da8",
    "visited_at": "2026-03-20T22:45:05.719Z",
    "notes": "",
    "rating_staff": null,
    "rating_ambience": null,
    "rating_food": null,
    "rating_overall": null,
    "metadata": {}
  }
},
{
  "model": "visits.visitlog",
  "pk": "f308731f-4db8-476c-9046-a46c38cbdbe1",
  "fields": {
    "created_at": "2026-03-20T22:39:47.309Z",
    "updated_at": "2026-03-20T22:39:47.309Z",
    "is_active": true,
    "user": "1ed8da2b-bc4b-4457-b615-4191e8a15ea7",
    "place": "5a2bc165-a7f7-4f37-bcf4-bb69367e6136",
    "visited_at": "2026-03-20T22:39:47.309Z",
    "notes": "",
    "rating_staff": null,
    "rating_ambience": null,
    "rating_food": null,
    "rating_overall": null,
    "metadata": {}
  }
},
{
  "model": "visits.visitwine",
  "pk": "0feea3f5-72d3-46f7-acf7-3e1e0487b4a9",
  "fields": {
    "created_at": "2026-03-21T21:26:50.706Z",
    "updated_at": "2026-03-21T22:34:45.830Z",
    "is_active": true,
    "visit": "164deb6a-f701-4b16-bc83-ab9afde6e666",
    "menu_item": "8d9869ca-9fbd-4d3f-a73d-010bf0cf59a9",
    "wine_name": "2024 Rkatsiteli",
    "wine_type": "Rkatsiteli",
    "wine_vintage": null,
    "serving_type": "glass",
    "quantity": 1,
    "is_favorite": true,
    "tasting_notes": "This ancient grape produced an enchanting wine. The aromas of crushed stone, peach skin, and fresh apple dance with hints of honeysuckle. On the palate, experience a tantalizing burst of vibrancy, accentuated by flavors of stone fruit with a subtle touch of spice.",
    "rating": 4,
    "rating_comments": "",
    "photo": "",
    "purchased": false,
    "purchased_quantity": null,
    "purchased_price": null,
    "purchased_notes": ""
  }
},
{
  "model": "visits.visitwine",
  "pk": "1fcb2bf6-7bb0-48f5-acf8-cdaf9e8cece4",
  "fields": {
    "created_at": "2026-03-22T01:03:14.790Z",
    "updated_at": "2026-03-22T01:03:14.790Z",
    "is_active": true,
    "visit": "e69d8a56-6018-485a-aeb3-13bc94346f7b",
    "menu_item": "02588f6f-0ac7-48c7-a8f3-da1199f8d9b8",
    "wine_name": "10 Year Vine Bottle",
    "wine_type": "Red Blend",
    "wine_vintage": null,
    "serving_type": "tasting",
    "quantity": 1,
    "is_favorite": false,
    "tasting_notes": "10th Anniversary Red Wine Blend with deep notes of dark cherry, blackberry, licorice and baking spice. Palate lavished with dark fruit, toasted oak and spice with velvety tannins.",
    "rating": null,
    "rating_comments": "",
    "photo": "",
    "purchased": false,
    "purchased_quantity": null,
    "purchased_price": null,
    "purchased_notes": ""
  }
},
{
  "model": "visits.visitwine",
  "pk": "8059c62e-c353-44d6-bcd9-513c6e5f97a6",
  "fields": {
    "created_at": "2026-03-22T19:31:31.190Z",
    "updated_at": "2026-03-22T19:31:31.190Z",
    "is_active": true,
    "visit": "87bb8bff-dc0f-4d09-be00-da1aa6b3a1d4",
    "menu_item": "8a3040c2-8ad0-45f0-b56b-5b3c5d48e896",
    "wine_name": "2021 Cabernet Franc",
    "wine_type": "Cabernet Franc",
    "wine_vintage": null,
    "serving_type": "glass",
    "quantity": 1,
    "is_favorite": true,
    "tasting_notes": "Aromas of coffee and chocolate. Flavors of blackberry and plum. Medium tannins.",
    "rating": 3,
    "rating_comments": "",
    "photo": "",
    "purchased": false,
    "purchased_quantity": null,
    "purchased_price": null,
    "purchased_notes": ""
  }
},
{
  "model": "visits.visitwine",
  "pk": "9c3d15af-e565-4481-a3d5-aa76f54c4338",
  "fields": {
    "created_at": "2026-03-22T01:02:59.432Z",
    "updated_at": "2026-03-22T01:02:59.432Z",
    "is_active": true,
    "visit": "164deb6a-f701-4b16-bc83-ab9afde6e666",
    "menu_item": "e7071aff-a211-411a-8b78-aff2323bb727",
    "wine_name": "2024 Pearl D' Blanc",
    "wine_type": "White",
    "wine_vintage": null,
    "serving_type": "glass",
    "quantity": 1,
    "is_favorite": false,
    "tasting_notes": "This sparkling wine dazzles with its fresh, invigorating profile and delicate elegance. On the nose, enticing aromas of tropical fruits like pineapple and guava mingle harmoniously with subtle hints of white flowers, creating a bouquet that is both vibrant and refined.",
    "rating": 3,
    "rating_comments": "",
    "photo": "",
    "purchased": false,
    "purchased_quantity": null,
    "purchased_price": null,
    "purchased_notes": ""
  }
},
{
  "model": "visits.visitwine",
  "pk": "bf0367f6-c264-4627-b9d5-dddb2c7a6cf4",
  "fields": {
    "created_at": "2026-03-22T01:03:23.270Z",
    "updated_at": "2026-03-22T01:03:23.270Z",
    "is_active": true,
    "visit": "e69d8a56-6018-485a-aeb3-13bc94346f7b",
    "menu_item": "04d3577e-50e1-4950-933d-51fb19ba1bfe",
    "wine_name": "2022 Pilot Fog",
    "wine_type": "Norton",
    "wine_vintage": null,
    "serving_type": "flight",
    "quantity": 1,
    "is_favorite": false,
    "tasting_notes": "Elegant and concentrated red wine with aromas of dark cherry and plum framed by vanilla bean and shaved chocolate. The velvety palate sings with bramble fruit, cherry, spice, and cracked pepper.",
    "rating": null,
    "rating_comments": "",
    "photo": "",
    "purchased": false,
    "purchased_quantity": null,
    "purchased_price": null,
    "purchased_notes": ""
  }
},
{
  "model": "visits.visitwine",
  "pk": "c087052e-5009-436b-8a6c-083ba43652de",
  "fields": {
    "created_at": "2026-03-22T01:02:46.401Z",
    "updated_at": "2026-03-22T01:02:46.401Z",
    "is_active": true,
    "visit": "3195dee6-1821-4e36-8892-fb05b5d165f0",
    "menu_item": "739a7aac-2f58-45e5-a056-8f28965ebe82",
    "wine_name": "2022 Merlot",
    "wine_type": "Merlot",
    "wine_vintage": null,
    "serving_type": "bottle",
    "quantity": 1,
    "is_favorite": false,
    "tasting_notes": "A blend of 3 vintages of Merlot from our estate. Medium core and garnet to show some youth, this wine opens with notes of dried herbs, red licorice and ripe plum. On first sip, you find this to be a very round, full bodied wine that has cherry, baking spice, and cola all along the finish.",
    "rating": 5,
    "rating_comments": "",
    "photo": "",
    "purchased": false,
    "purchased_quantity": null,
    "purchased_price": null,
    "purchased_notes": ""
  }
},
{
  "model": "visits.visitwine",
  "pk": "e31b0089-0015-4deb-a560-08e9a59fece5",
  "fields": {
    "created_at": "2026-03-21T21:38:55.009Z",
    "updated_at": "2026-03-22T02:40:11.463Z",
    "is_active": true,
    "visit": "3195dee6-1821-4e36-8892-fb05b5d165f0",
    "menu_item": "b1184398-48d3-4979-9eb2-2410868e4bcb",
    "wine_name": "2023 Chardonnay",
    "wine_type": "Dessert",
    "wine_vintage": null,
    "serving_type": "half_bottle",
    "quantity": 1,
    "is_favorite": false,
    "tasting_notes": "A beautiful crisp naked Chardonnay with aromas of pear and star fruit. This wine is medium bodied and full of ripe pear, pineapple and peach preserve on the finish.",
    "rating": 3,
    "rating_comments": "Not Bad",
    "photo": "http://localhost:8000/media/drink-photos/004d98c3-a02a-475c-bac7-ed5706926496/e31b0089-0015-4deb-a560-08e9a59fece5.jpg",
    "purchased": false,
    "purchased_quantity": null,
    "purchased_price": null,
    "purchased_notes": ""
  }
},
{
  "model": "visits.visitwine",
  "pk": "ea1c10b6-b281-4941-86ea-0b0574b4dffe",
  "fields": {
    "created_at": "2026-03-22T01:02:11.464Z",
    "updated_at": "2026-03-22T02:42:29.130Z",
    "is_active": true,
    "visit": "3195dee6-1821-4e36-8892-fb05b5d165f0",
    "menu_item": "3c23d2e5-b02c-4e62-8991-c84422709755",
    "wine_name": "2022 Dessert Petit Manseng",
    "wine_type": "Dessert",
    "wine_vintage": null,
    "serving_type": "glass",
    "quantity": 1,
    "is_favorite": true,
    "tasting_notes": "This split-ferment of oak and stainless steel features profound aromas of vanilla, baking spice, ginseng, honey, and ripe tropical fruits. Segway to flavors that remind us of grilled, spiced pineapple consistent with Brazilian steakhouses around the world.",
    "rating": 4,
    "rating_comments": "Really liked this!",
    "photo": "http://localhost:8000/media/drink-photos/004d98c3-a02a-475c-bac7-ed5706926496/ea1c10b6-b281-4941-86ea-0b0574b4dffe.jpg",
    "purchased": true,
    "purchased_quantity": 1,
    "purchased_price": "29.00",
    "purchased_notes": ""
  }
},
{
  "model": "trips.trip",
  "pk": "29f5792b-7ee2-42f0-98e3-1194bfc0bff6",
  "fields": {
    "created_at": "2026-03-22T18:46:26.563Z",
    "updated_at": "2026-03-22T18:46:27.146Z",
    "is_active": true,
    "name": "Northern NC Wine Trail Adventure",
    "description": "A perfect afternoon exploring three exceptional wineries with great red and white wines, beautiful settings, and opportunities for live music",
    "created_by": "004d98c3-a02a-475c-bac7-ed5706926496",
    "status": "in_progress",
    "itinerary": [],
    "scheduled_date": "2026-03-22",
    "end_date": "2026-03-22",
    "meeting_location": "",
    "meeting_time": null,
    "meeting_notes": "",
    "transportation": "",
    "budget_notes": "",
    "notes": "",
    "metadata": {}
  }
},
{
  "model": "trips.trip",
  "pk": "7719fa2f-920c-4862-a868-ae026d684d5c",
  "fields": {
    "created_at": "2026-03-20T22:38:51.658Z",
    "updated_at": "2026-03-20T22:43:18.130Z",
    "is_active": true,
    "name": "BC Test 1",
    "description": "",
    "created_by": "1ed8da2b-bc4b-4457-b615-4191e8a15ea7",
    "status": "in_progress",
    "itinerary": [],
    "scheduled_date": "2026-03-20",
    "end_date": "2026-03-20",
    "meeting_location": "",
    "meeting_time": "18:30:00",
    "meeting_notes": "",
    "transportation": "",
    "budget_notes": "",
    "notes": "",
    "metadata": {
      "current_stop_index": 1
    }
  }
},
{
  "model": "trips.trip",
  "pk": "e9082c13-bd47-44ab-8ab9-0f6508d5d7e3",
  "fields": {
    "created_at": "2026-03-21T03:37:49.535Z",
    "updated_at": "2026-03-22T14:34:55.411Z",
    "is_active": true,
    "name": "Day Trip With Friends",
    "description": "",
    "created_by": "004d98c3-a02a-475c-bac7-ed5706926496",
    "status": "completed",
    "itinerary": [],
    "scheduled_date": "2026-03-21",
    "end_date": "2026-03-21",
    "meeting_location": "",
    "meeting_time": "12:00:00",
    "meeting_notes": "",
    "transportation": "",
    "budget_notes": "",
    "notes": "",
    "metadata": {}
  }
},
{
  "model": "trips.tripmember",
  "pk": "96c078e0-0a1c-4427-a364-37cb1d4731c2",
  "fields": {
    "created_at": "2026-03-20T22:38:51.663Z",
    "updated_at": "2026-03-20T22:38:51.663Z",
    "is_active": true,
    "trip": "7719fa2f-920c-4862-a868-ae026d684d5c",
    "user": "1ed8da2b-bc4b-4457-b615-4191e8a15ea7",
    "role": "organizer",
    "rsvp_status": "accepted",
    "notes": "",
    "invite_email": "",
    "invite_first_name": "",
    "invite_last_name": "",
    "invite_message": "",
    "invited_at": null,
    "responded_at": null
  }
},
{
  "model": "trips.tripmember",
  "pk": "c4ebe653-2a71-4a27-a281-1d78acd047c3",
  "fields": {
    "created_at": "2026-03-22T18:46:26.569Z",
    "updated_at": "2026-03-22T18:46:26.569Z",
    "is_active": true,
    "trip": "29f5792b-7ee2-42f0-98e3-1194bfc0bff6",
    "user": "004d98c3-a02a-475c-bac7-ed5706926496",
    "role": "organizer",
    "rsvp_status": "accepted",
    "notes": "",
    "invite_email": "",
    "invite_first_name": "",
    "invite_last_name": "",
    "invite_message": "",
    "invited_at": null,
    "responded_at": null
  }
},
{
  "model": "trips.tripmember",
  "pk": "e94276e7-334f-48a5-8f9b-c3ae06ff781a",
  "fields": {
    "created_at": "2026-03-21T03:37:49.540Z",
    "updated_at": "2026-03-21T03:37:49.540Z",
    "is_active": true,
    "trip": "e9082c13-bd47-44ab-8ab9-0f6508d5d7e3",
    "user": "004d98c3-a02a-475c-bac7-ed5706926496",
    "role": "organizer",
    "rsvp_status": "accepted",
    "notes": "",
    "invite_email": "",
    "invite_first_name": "",
    "invite_last_name": "",
    "invite_message": "",
    "invited_at": null,
    "responded_at": null
  }
},
{
  "model": "trips.tripstop",
  "pk": "17d55ee0-82e5-4996-b32a-21592aafe335",
  "fields": {
    "created_at": "2026-03-22T18:46:26.579Z",
    "updated_at": "2026-03-22T18:46:26.579Z",
    "is_active": true,
    "trip": "29f5792b-7ee2-42f0-98e3-1194bfc0bff6",
    "place": "34997b6f-0e80-44e0-a002-f6fedbb59541",
    "order": 0,
    "arrival_time": "2026-03-22T12:00:00Z",
    "duration_minutes": 75,
    "travel_minutes": null,
    "travel_miles": null,
    "description": "",
    "notes": "Perfect starting point with great variety of red and white wines in a beautiful setting",
    "meeting_details": "",
    "travel_details": ""
  }
},
{
  "model": "trips.tripstop",
  "pk": "2bb1ade1-a354-49ea-a7a1-d787cbbafd49",
  "fields": {
    "created_at": "2026-03-20T22:39:05.798Z",
    "updated_at": "2026-03-20T22:39:05.798Z",
    "is_active": true,
    "trip": "7719fa2f-920c-4862-a868-ae026d684d5c",
    "place": "5a2bc165-a7f7-4f37-bcf4-bb69367e6136",
    "order": 1,
    "arrival_time": "2026-03-20T23:00:00Z",
    "duration_minutes": 90,
    "travel_minutes": null,
    "travel_miles": null,
    "description": "",
    "notes": "",
    "meeting_details": "",
    "travel_details": ""
  }
},
{
  "model": "trips.tripstop",
  "pk": "4393329b-1bb3-46dd-93e8-0c8ec6886d28",
  "fields": {
    "created_at": "2026-03-22T18:46:26.585Z",
    "updated_at": "2026-03-22T18:46:26.832Z",
    "is_active": true,
    "trip": "29f5792b-7ee2-42f0-98e3-1194bfc0bff6",
    "place": "8e61f92d-8d91-447a-b425-b3bbf0138a53",
    "order": 1,
    "arrival_time": "2026-03-22T13:35:00Z",
    "duration_minutes": 75,
    "travel_minutes": 20,
    "travel_miles": "17.9",
    "description": "",
    "notes": "Family-owned vineyard with excellent wine selection and frequent live music events - exactly 20 minutes from your first stop",
    "meeting_details": "",
    "travel_details": ""
  }
},
{
  "model": "trips.tripstop",
  "pk": "4c815bd6-e231-4ae7-92e9-6eb8ba8dd02f",
  "fields": {
    "created_at": "2026-03-20T22:39:13.273Z",
    "updated_at": "2026-03-20T22:39:13.273Z",
    "is_active": true,
    "trip": "7719fa2f-920c-4862-a868-ae026d684d5c",
    "place": "6576fac2-24cd-4cc3-99a4-411fadf95da8",
    "order": 2,
    "arrival_time": "2026-03-21T00:49:00Z",
    "duration_minutes": 90,
    "travel_minutes": 19,
    "travel_miles": "13.1",
    "description": "",
    "notes": "",
    "meeting_details": "",
    "travel_details": ""
  }
},
{
  "model": "trips.tripstop",
  "pk": "8c34ee60-11bd-44dc-9521-68a8b5c04505",
  "fields": {
    "created_at": "2026-03-21T21:59:54.044Z",
    "updated_at": "2026-03-22T00:13:38.501Z",
    "is_active": true,
    "trip": "e9082c13-bd47-44ab-8ab9-0f6508d5d7e3",
    "place": "c29bc582-0fc8-4d1b-b7f0-f4e4f3beee9e",
    "order": 3,
    "arrival_time": null,
    "duration_minutes": 60,
    "travel_minutes": 153,
    "travel_miles": "145.2",
    "description": "",
    "notes": "",
    "meeting_details": "",
    "travel_details": ""
  }
},
{
  "model": "trips.tripstop",
  "pk": "9994862a-e342-44a7-85ac-d12be3931133",
  "fields": {
    "created_at": "2026-03-21T15:51:11.638Z",
    "updated_at": "2026-03-22T00:22:03.019Z",
    "is_active": true,
    "trip": "e9082c13-bd47-44ab-8ab9-0f6508d5d7e3",
    "place": "4b1ff0d9-c96a-46ed-ac0f-30b5427b3756",
    "order": 0,
    "arrival_time": "2026-03-21T13:45:00Z",
    "duration_minutes": 60,
    "travel_minutes": 153,
    "travel_miles": "145.2",
    "description": "",
    "notes": "",
    "meeting_details": "",
    "travel_details": ""
  }
},
{
  "model": "trips.tripstop",
  "pk": "df239bad-f4ba-47b3-b786-789459e2c22e",
  "fields": {
    "created_at": "2026-03-22T18:46:26.592Z",
    "updated_at": "2026-03-22T18:46:27.044Z",
    "is_active": true,
    "trip": "29f5792b-7ee2-42f0-98e3-1194bfc0bff6",
    "place": "68722da4-5db7-46a5-972d-b86567f65be5",
    "order": 2,
    "arrival_time": "2026-03-22T15:30:00Z",
    "duration_minutes": 75,
    "travel_minutes": 131,
    "travel_miles": "127.3",
    "description": "",
    "notes": "Beautiful mountain setting with exceptional wines - perfect finale with stunning views and great atmosphere",
    "meeting_details": "",
    "travel_details": ""
  }
},
{
  "model": "trips.tripstop",
  "pk": "e6f7c7fe-3372-4d94-b217-69b2f6a2ee6e",
  "fields": {
    "created_at": "2026-03-21T13:36:55.543Z",
    "updated_at": "2026-03-22T14:35:07.303Z",
    "is_active": true,
    "trip": "e9082c13-bd47-44ab-8ab9-0f6508d5d7e3",
    "place": "6576fac2-24cd-4cc3-99a4-411fadf95da8",
    "order": 1,
    "arrival_time": "2026-04-20T16:00:00Z",
    "duration_minutes": 90,
    "travel_minutes": 122,
    "travel_miles": "115.8",
    "description": "",
    "notes": "",
    "meeting_details": "",
    "travel_details": ""
  }
},
{
  "model": "palate.palateprofile",
  "pk": "125d10a4-16c0-4748-9d6c-898e6176ad2c",
  "fields": {
    "created_at": "2026-03-19T21:04:39.576Z",
    "updated_at": "2026-03-22T19:50:38.358Z",
    "is_active": true,
    "user": "004d98c3-a02a-475c-bac7-ed5706926496",
    "preferences": {
      "body": "medium-full",
      "tannin": "medium",
      "acidity": "medium",
      "summary": "You tend to gravitate toward medium to full-bodied wines with complex flavor profiles, showing a particular appreciation for both elegant reds with dark fruit characteristics and unique white varietals. Your palate enjoys wines that balance fruit-forward flavors with interesting spice and mineral notes, and you're not afraid to explore lesser-known grape varieties.",
      "sweetness": "off-dry",
      "flavor_notes": [
        "dark cherry",
        "blackberry",
        "plum",
        "baking spice",
        "vanilla",
        "tropical fruits",
        "stone fruit",
        "chocolate",
        "toasted oak"
      ],
      "adventurousness": "high",
      "favorite_styles": [
        "Merlot",
        "Dessert wines",
        "Rkatsiteli",
        "Red blends",
        "Vienna Lager"
      ],
      "recommendations": [
        "Petit Verdot - for bold dark fruit flavors with spice complexity",
        "Viognier - to explore more aromatic whites with stone fruit character",
        "Port or late harvest Zinfandel - given your appreciation for dessert wines",
        "Tempranillo - for medium-full body with cherry and spice notes",
        "Orange wine or skin-contact whites - to satisfy your adventurous palate"
      ]
    },
    "pinecone_vector_id": "",
    "last_analyzed_at": "2026-03-22T19:50:38.358Z",
    "analysis_version": 1
  }
},
{
  "model": "palate.palateprofile",
  "pk": "40b98ce1-f925-4972-b1f9-3aee4438dab4",
  "fields": {
    "created_at": "2026-03-20T01:48:42.723Z",
    "updated_at": "2026-03-20T01:48:42.723Z",
    "is_active": true,
    "user": "1ed8da2b-bc4b-4457-b615-4191e8a15ea7",
    "preferences": {},
    "pinecone_vector_id": "",
    "last_analyzed_at": null,
    "analysis_version": 0
  }
},
{
  "model": "partners.partner",
  "pk": "b4eab0a8-51e8-4c77-b35a-65ba4bf0f3f5",
  "fields": {
    "created_at": "2026-03-21T00:07:06.852Z",
    "updated_at": "2026-03-21T13:30:00.538Z",
    "is_active": true,
    "business_name": "Tests",
    "business_email": "TEST@GMAIL.COM",
    "business_phone": "9802223210",
    "website": "https://www.kingsmensoftware.com",
    "logo_url": "https://www.kingsmensoftware.com",
    "description": "",
    "tier": "free",
    "subscription_status": "none",
    "subscription_plan": "",
    "status": "approved",
    "approved_at": "2026-03-21T01:57:02.796Z",
    "approved_by": "004d98c3-a02a-475c-bac7-ed5706926496",
    "rejected_at": null,
    "rejected_by": null,
    "decision_email_sent_at": "2026-03-21T01:57:02.802Z",
    "stripe_customer_id": "",
    "stripe_subscription_id": "",
    "metadata": {}
  }
},
{
  "model": "partners.partnerowner",
  "pk": "7757d4f1-3353-4897-8d2f-1cc56c7e2a44",
  "fields": {
    "created_at": "2026-03-21T00:07:56.971Z",
    "updated_at": "2026-03-21T00:07:56.971Z",
    "is_active": true,
    "partner": "b4eab0a8-51e8-4c77-b35a-65ba4bf0f3f5",
    "user": "1ed8da2b-bc4b-4457-b615-4191e8a15ea7",
    "role": "primary",
    "title": "CEO",
    "contact_email": "bill@1200investing.com",
    "contact_phone": "",
    "mobile_phone": "",
    "address": "",
    "city": "",
    "state": "",
    "zip_code": "",
    "notes": ""
  }
},
{
  "model": "partners.placeclaim",
  "pk": "52f560c7-f0da-4ca3-a31b-857808c05acd",
  "fields": {
    "created_at": "2026-03-21T01:31:20.990Z",
    "updated_at": "2026-03-21T01:31:20.990Z",
    "is_active": true,
    "partner": "b4eab0a8-51e8-4c77-b35a-65ba4bf0f3f5",
    "place": "4b1ff0d9-c96a-46ed-ac0f-30b5427b3756",
    "status": "approved",
    "claimed_at": "2026-03-21T01:31:20.990Z",
    "approved_at": "2026-03-21T01:31:20.990Z",
    "approved_by": "004d98c3-a02a-475c-bac7-ed5706926496",
    "verification_notes": "",
    "metadata": {}
  }
},
{
  "model": "partners.promotion",
  "pk": "d58be735-e5ff-42a8-a1c7-b2c4d3293da6",
  "fields": {
    "created_at": "2026-03-21T01:32:12.519Z",
    "updated_at": "2026-03-21T01:33:58.554Z",
    "is_active": true,
    "partner": "b4eab0a8-51e8-4c77-b35a-65ba4bf0f3f5",
    "place": "4b1ff0d9-c96a-46ed-ac0f-30b5427b3756",
    "name": "15% Off Summer Special",
    "promotion_type": "a3df9ab3-a9d4-4b59-9978-564f22362b6f",
    "status": "active",
    "start_date": "2026-03-19",
    "end_date": "2026-03-23",
    "headline": "GRAB15",
    "description": "",
    "image_url": "",
    "cta_text": "",
    "cta_link": "",
    "target_regions": [],
    "metadata": {}
  }
}
]
